product_slug,product_name,product_id,sku,reference_sku_private,mpn,mpn_status,brand,category,gtin,gtin_status,gtin_checksum_status,reference_price_private,currency,reference_availability_private,selling_price,availability,product_url,image_url,description,seller_brand,seller_legal_name,merchant_approved
microsoft-office-2019-professional-plus,MICROSOFT OFFICE 2019 PROFESSIONAL PLUS (WINDOWS),LP-56F50FD2CB,LP-56F50FD2CB,O2K19W,O2K19W,assignment_unverified,Microsoft,Home,760947047697,assignment_unverified,valid,19.9,EUR,InStock,,PendingReview,https://licenzpol.it/it/product/microsoft-office-2019-professional-plus/,,,Licenzpol,DIGITALSOFT DI MUNSHI SHIHAB,False
microsoft-office-2019-home-business-mac,MICROSOFT OFFICE 2019 HOME &amp; BUSINESS (MAC),LP-B9D5FAE5EA,LP-B9D5FAE5EA,M9SJ34,M9SJ34,assignment_unverified,Microsoft,Home,0760947037735,assignment_unverified,valid,24.9,EUR,InStock,,PendingReview,https://licenzpol.it/it/product/microsoft-office-2019-home-business-mac/,,,Licenzpol,DIGITALSOFT DI MUNSHI SHIHAB,False
microsoft-office-2019-home-and-student-windows,MICROSOFT OFFICE 2019 HOME AND STUDENT (WINDOWS),LP-9AB80BACD1,LP-9AB80BACD1,DD9F82,DD9F82,assignment_unverified,Microsoft,Home,0799366901372,assignment_unverified,valid,29,EUR,InStock,,PendingReview,https://licenzpol.it/it/product/microsoft-office-2019-home-and-student-windows/,,,Licenzpol,DIGITALSOFT DI MUNSHI SHIHAB,False
microsoft-office-2019-home-and-business-windows,MICROSOFT OFFICE 2019 HOME AND BUSINESS (WINDOWS),LP-601992328C,LP-601992328C,69DVM7,69DVM7,assignment_unverified,Microsoft,Home,0765756124898,assignment_unverified,valid,29,EUR,InStock,,PendingReview,https://licenzpol.it/it/product/microsoft-office-2019-home-and-business-windows/,,,Licenzpol,DIGITALSOFT DI MUNSHI SHIHAB,False
microsoft-office-2019-home-and-student-mac,MICROSOFT OFFICE 2019 HOME AND STUDENT (MAC),LP-D160AE11A7,LP-D160AE11A7,VMD453,VMD453,assignment_unverified,Microsoft,Microsoft Office 2019,4251604174512,assignment_unverified,valid,29,EUR,InStock,,PendingReview,https://licenzpol.it/it/product/microsoft-office-2019-home-and-student-mac/,,,Licenzpol,DIGITALSOFT DI MUNSHI SHIHAB,False
microsoft-office-2019-standard-windows,MICROSOFT OFFICE 2019 STANDARD (WINDOWS),LP-2524163B1C,LP-2524163B1C,V29XW6,V29XW6,assignment_unverified,Microsoft,Home,4260518146034,assignment_unverified,valid,14.9,EUR,InStock,,PendingReview,https://licenzpol.it/it/product/microsoft-office-2019-standard-windows/,,,Licenzpol,DIGITALSOFT DI MUNSHI SHIHAB,False
microsoft-office-2016-professional-windows,MICROSOFT OFFICE 2016 PROFESSIONAL PLUS (WINDOWS),LP-AC2F21507A,LP-AC2F21507A,CS942S,CS942S,assignment_unverified,Microsoft,Microsoft Office 2016,0760947046607,assignment_unverified,valid,9.9,EUR,InStock,,PendingReview,https://licenzpol.it/it/product/microsoft-office-2016-professional-windows/,,,Licenzpol,DIGITALSOFT DI MUNSHI SHIHAB,False
microsoft-office-2016-home-student-windows,MICROSOFT OFFICE 2016 HOME &amp; STUDENT (WINDOWS),LP-8B5CB8D12B,LP-8B5CB8D12B,2DFE88,2DFE88,assignment_unverified,Microsoft,Microsoft Office 2016,0760947046591,assignment_unverified,valid,9.9,EUR,InStock,,PendingReview,https://licenzpol.it/it/product/microsoft-office-2016-home-student-windows/,,,Licenzpol,DIGITALSOFT DI MUNSHI SHIHAB,False
microsoft-office-2016-home-business-mac,MICROSOFT OFFICE 2016 HOME &amp; BUSINESS (MAC),LP-97997ACF9C,LP-97997ACF9C,9SDV12,9SDV12,assignment_unverified,Microsoft,Home,0889842094589,assignment_unverified,valid,14.9,EUR,InStock,,PendingReview,https://licenzpol.it/it/product/microsoft-office-2016-home-business-mac/,,,Licenzpol,DIGITALSOFT DI MUNSHI SHIHAB,False
microsoft-office-2016-home-business-windows,MICROSOFT OFFICE 2016 HOME &amp; BUSINESS (WINDOWS),LP-59106BC299,LP-59106BC299,2M5A8W,2M5A8W,assignment_unverified,Microsoft,Home,0884095173586,assignment_unverified,valid,16.9,EUR,InStock,,PendingReview,https://licenzpol.it/it/product/microsoft-office-2016-home-business-windows/,,,Licenzpol,DIGITALSOFT DI MUNSHI SHIHAB,False
microsoft-office-2013-home-and-business-windows,MICROSOFT OFFICE 2013 HOME AND BUSINESS (WINDOWS),LP-E9F0FA94F3,LP-E9F0FA94F3,VD394Q,VD394Q,assignment_unverified,Microsoft,Home,0885370486322,assignment_unverified,valid,14,EUR,InStock,,PendingReview,https://licenzpol.it/it/product/microsoft-office-2013-home-and-business-windows/,,,Licenzpol,DIGITALSOFT DI MUNSHI SHIHAB,False
microsoft-office-2013-home-and-student-windows,MICROSOFT OFFICE 2013 HOME AND STUDENT (WINDOWS),LP-8ABDCFD506,LP-8ABDCFD506,CV0E74,CV0E74,assignment_unverified,Microsoft,Home,0885370455854,assignment_unverified,valid,11.99,EUR,InStock,,PendingReview,https://licenzpol.it/it/product/microsoft-office-2013-home-and-student-windows/,,,Licenzpol,DIGITALSOFT DI MUNSHI SHIHAB,False
microsoft-office-2013-professional-plus,MICROSOFT OFFICE 2013 PROFESSIONAL PLUS,LP-CC0A1EC3F3,LP-CC0A1EC3F3,HW944Z,HW944Z,assignment_unverified,Microsoft,Home,0760947037988,assignment_unverified,valid,7.9,EUR,InStock,,PendingReview,https://licenzpol.it/it/product/microsoft-office-2013-professional-plus/,,,Licenzpol,DIGITALSOFT DI MUNSHI SHIHAB,False
microsoft-office-2013-professional,MICROSOFT OFFICE 2013 PROFESSIONAL,LP-3C960A71C1,LP-3C960A71C1,D4S0Q2,D4S0Q2,assignment_unverified,Microsoft,Home,0885370457346,assignment_unverified,valid,11.99,EUR,InStock,,PendingReview,https://licenzpol.it/it/product/microsoft-office-2013-professional/,,,Licenzpol,DIGITALSOFT DI MUNSHI SHIHAB,False
microsoft-office-2013-standard-windows,MICROSOFT OFFICE 2013 STANDARD (WINDOWS),LP-20C80A9A28,LP-20C80A9A28,VD30R2,VD30R2,assignment_unverified,Microsoft,Home,0885370507423,assignment_unverified,valid,13.5,EUR,InStock,,PendingReview,https://licenzpol.it/it/product/microsoft-office-2013-standard-windows/,,,Licenzpol,DIGITALSOFT DI MUNSHI SHIHAB,False
microsoft-office-2011-home-and-business-per-mac,MICROSOFT OFFICE 2011 HOME AND BUSINESS PER MAC,LP-8618D7E84C,LP-8618D7E84C,VD0D33,VD0D33,assignment_unverified,Microsoft,Home,0885370486575,assignment_unverified,valid,14.99,EUR,InStock,,PendingReview,https://licenzpol.it/it/product/microsoft-office-2011-home-and-business-per-mac/,,,Licenzpol,DIGITALSOFT DI MUNSHI SHIHAB,False
microsoft-office-2010-home-and-business-windows,MICROSOFT OFFICE 2010 HOME AND BUSINESS (WINDOWS),LP-0002FB1CC9,LP-0002FB1CC9,VSZP939,VSZP939,assignment_unverified,Microsoft,Home,0885370037470,assignment_unverified,valid,11.99,EUR,InStock,,PendingReview,https://licenzpol.it/it/product/microsoft-office-2010-home-and-business-windows/,,,Licenzpol,DIGITALSOFT DI MUNSHI SHIHAB,False
microsoft-office-2010-home-and-student-windows,MICROSOFT OFFICE 2010 HOME AND STUDENT (WINDOWS),LP-05A8E2F375,LP-05A8E2F375,C0E4JJ2,C0E4JJ2,assignment_unverified,Microsoft,Home,0885370037159,assignment_unverified,valid,11.99,EUR,InStock,,PendingReview,https://licenzpol.it/it/product/microsoft-office-2010-home-and-student-windows/,,,Licenzpol,DIGITALSOFT DI MUNSHI SHIHAB,False
microsoft-office-2010-professional-plus-windows,MICROSOFT OFFICE 2010 PROFESSIONAL PLUS (WINDOWS),LP-78F27B13A8,LP-78F27B13A8,054YVK,054YVK,assignment_unverified,Microsoft,Home,0700512960266,assignment_unverified,valid,7.9,EUR,InStock,,PendingReview,https://licenzpol.it/it/product/microsoft-office-2010-professional-plus-windows/,,,Licenzpol,DIGITALSOFT DI MUNSHI SHIHAB,False
microsoft-office-2010-professional-windows,MICROSOFT OFFICE 2010 PROFESSIONAL (WINDOWS),LP-82A0EC038C,LP-82A0EC038C,03RWF6,03RWF6,assignment_unverified,Microsoft,Home,0885370025828,assignment_unverified,valid,14,EUR,InStock,,PendingReview,https://licenzpol.it/it/product/microsoft-office-2010-professional-windows/,,,Licenzpol,DIGITALSOFT DI MUNSHI SHIHAB,False
microsoft-office-2007-professional-plus-windows,MICROSOFT OFFICE 2007 PROFESSIONAL PLUS (WINDOWS),LP-F0180012CE,LP-F0180012CE,F0I37X,F0I37X,assignment_unverified,Microsoft,Microsoft Office 2007,0882224319393,assignment_unverified,valid,6.9,EUR,InStock,,PendingReview,https://licenzpol.it/it/product/microsoft-office-2007-professional-plus-windows/,,,Licenzpol,DIGITALSOFT DI MUNSHI SHIHAB,False
microsoft-office-365-pro-plus-windows-mac,MICROSOFT OFFICE 365 PRO PLUS (WINDOWS &amp; MAC),LP-3E2B87CDE9,LP-3E2B87CDE9,05PEW1,05PEW1,assignment_unverified,Microsoft,Microsoft Office 365,762223223252,assignment_unverified,valid,19,EUR,InStock,,PendingReview,https://licenzpol.it/it/product/microsoft-office-365-pro-plus-windows-mac/,,,Licenzpol,DIGITALSOFT DI MUNSHI SHIHAB,False
microsoft-office-365-business-essentials,MICROSOFT OFFICE 365 BUSINESS ESSENTIALS,LP-AE53AB48BD,LP-AE53AB48BD,WPG483,WPG483,assignment_unverified,Microsoft,Microsoft Office 365,4260358725895,assignment_unverified,valid,55,EUR,InStock,,PendingReview,https://licenzpol.it/it/product/microsoft-office-365-business-essentials/,,,Licenzpol,DIGITALSOFT DI MUNSHI SHIHAB,False
microsoft-office-365-business-premium,MICROSOFT OFFICE 365 BUSINESS PREMIUM,LP-4AF5226F4A,LP-4AF5226F4A,4JMW69,4JMW69,assignment_unverified,Microsoft,Microsoft Office 365,0762223223290,assignment_unverified,valid,69,EUR,InStock,,PendingReview,https://licenzpol.it/it/product/microsoft-office-365-business-premium/,,,Licenzpol,DIGITALSOFT DI MUNSHI SHIHAB,False
microsoft-office-365-enterprise-e3,MICROSOFT OFFICE 365 ENTERPRISE E3,LP-2CD69620C6,LP-2CD69620C6,BF2S82,BF2S82,assignment_unverified,Microsoft,Microsoft Office 365,4260518142067,assignment_unverified,valid,89,EUR,InStock,,PendingReview,https://licenzpol.it/it/product/microsoft-office-365-enterprise-e3/,,,Licenzpol,DIGITALSOFT DI MUNSHI SHIHAB,False
microsoft-office-365-home-pc-e-mac,MICROSOFT OFFICE 365 HOME - PC E MAC,LP-24409595D3,LP-24409595D3,V398TX,V398TX,assignment_unverified,Microsoft,Microsoft Office 365,889842086768,assignment_unverified,valid,15,EUR,InStock,,PendingReview,https://licenzpol.it/it/product/microsoft-office-365-home-pc-e-mac/,,,Licenzpol,DIGITALSOFT DI MUNSHI SHIHAB,False
microsoft-office-365-personal-pc-o-mac,MICROSOFT OFFICE 365 PERSONAL - PC O MAC,LP-F191064109,LP-F191064109,S053LE,S053LE,assignment_unverified,Microsoft,Microsoft Office 365,0885370750010,assignment_unverified,valid,18,EUR,InStock,,PendingReview,https://licenzpol.it/it/product/microsoft-office-365-personal-pc-o-mac/,,,Licenzpol,DIGITALSOFT DI MUNSHI SHIHAB,False
microsoft-outlook-2019-windows,MICROSOFT OUTLOOK 2019 (WINDOWS),LP-EFA29E1C78,LP-EFA29E1C78,439ERG,439ERG,assignment_unverified,Microsoft,Microsoft Office Outlook,787976988517,assignment_unverified,valid,18.9,EUR,InStock,,PendingReview,https://licenzpol.it/it/product/microsoft-outlook-2019-windows/,,,Licenzpol,DIGITALSOFT DI MUNSHI SHIHAB,False
microsoft-outlook-2016-windows,MICROSOFT OUTLOOK 2016 (WINDOWS),LP-0EC884DA68,LP-0EC884DA68,939IPW,939IPW,assignment_unverified,Microsoft,Microsoft Office Outlook,0787976988500,assignment_unverified,valid,11.99,EUR,InStock,,PendingReview,https://licenzpol.it/it/product/microsoft-outlook-2016-windows/,,,Licenzpol,DIGITALSOFT DI MUNSHI SHIHAB,False
microsoft-project-professional-2019-windows,MICROSOFT PROJECT PROFESSIONAL 2019 (WINDOWS),LP-FEF1456887,LP-FEF1456887,M0EG44,M0EG44,assignment_unverified,Microsoft,Microsoft Project,889842336504,assignment_unverified,valid,24.9,EUR,InStock,,PendingReview,https://licenzpol.it/it/product/microsoft-project-professional-2019-windows/,,,Licenzpol,DIGITALSOFT DI MUNSHI SHIHAB,False
microsoft-project-standard-2019-windows,MICROSOFT PROJECT STANDARD 2019 (WINDOWS),LP-3B95E21279,LP-3B95E21279,BD40S2,BD40S2,assignment_unverified,Microsoft,Microsoft Project,0760947037766,assignment_unverified,valid,24.9,EUR,InStock,,PendingReview,https://licenzpol.it/it/product/microsoft-project-standard-2019-windows/,,,Licenzpol,DIGITALSOFT DI MUNSHI SHIHAB,False
microsoft-project-2016-professional-windows,MICROSOFT PROJECT PROFESSIONAL 2016 (WINDOWS),LP-B3AF53F41B,LP-B3AF53F41B,94PIA5,94PIA5,assignment_unverified,Microsoft,Microsoft Project,0717850096670,assignment_unverified,valid,19.9,EUR,InStock,,PendingReview,https://licenzpol.it/it/product/microsoft-project-2016-professional-windows/,,,Licenzpol,DIGITALSOFT DI MUNSHI SHIHAB,False
microsoft-project-standard-2016-windows,MICROSOFT PROJECT STANDARD 2016 (WINDOWS),LP-4FE95CAF01,LP-4FE95CAF01,0W0EX9,0W0EX9,assignment_unverified,Microsoft,Microsoft Project,885370991215,assignment_unverified,valid,19.9,EUR,InStock,,PendingReview,https://licenzpol.it/it/product/microsoft-project-standard-2016-windows/,,,Licenzpol,DIGITALSOFT DI MUNSHI SHIHAB,False
microsoft-project-professional-2013-windows,MICROSOFT PROJECT PROFESSIONAL 2013 (WINDOWS),LP-267D9FDAC4,LP-267D9FDAC4,VK395X,VK395X,assignment_unverified,Microsoft,Microsoft Project,0885370495188,assignment_unverified,valid,14.9,EUR,InStock,,PendingReview,https://licenzpol.it/it/product/microsoft-project-professional-2013-windows/,,,Licenzpol,DIGITALSOFT DI MUNSHI SHIHAB,False
microsoft-project-standard-2013-windows,MICROSOFT PROJECT STANDARD 2013 (WINDOWS),LP-D8E28256BB,LP-D8E28256BB,DS904Q,DS904Q,assignment_unverified,Microsoft,Microsoft Project,0760947046669,assignment_unverified,valid,14.9,EUR,InStock,,PendingReview,https://licenzpol.it/it/product/microsoft-project-standard-2013-windows/,,,Licenzpol,DIGITALSOFT DI MUNSHI SHIHAB,False
microsoft-project-professional-2010-windows,MICROSOFT PROJECT PROFESSIONAL 2010 (WINDOWS),LP-53AEDC2AE9,LP-53AEDC2AE9,782SGJ,782SGJ,assignment_unverified,Microsoft,Microsoft Project,0885370147131,assignment_unverified,valid,12.9,EUR,InStock,,PendingReview,https://licenzpol.it/it/product/microsoft-project-professional-2010-windows/,,,Licenzpol,DIGITALSOFT DI MUNSHI SHIHAB,False
microsoft-project-standard-2010-windows,MICROSOFT PROJECT STANDARD 2010 (WINDOWS),LP-2F1522DF90,LP-2F1522DF90,VAS316,VAS316,assignment_unverified,Microsoft,Microsoft Project,0760947046645,assignment_unverified,valid,12.9,EUR,InStock,,PendingReview,https://licenzpol.it/it/product/microsoft-project-standard-2010-windows/,,,Licenzpol,DIGITALSOFT DI MUNSHI SHIHAB,False
microsoft-visio-professional-2019-windows,MICROSOFT VISIO PROFESSIONAL 2019 (WINDOWS),LP-F58CF0EF8A,LP-F58CF0EF8A,VSN283,VSN283,assignment_unverified,Microsoft,Microsoft Visio,0889842336238,assignment_unverified,valid,19.9,EUR,InStock,,PendingReview,https://licenzpol.it/it/product/microsoft-visio-professional-2019-windows/,,,Licenzpol,DIGITALSOFT DI MUNSHI SHIHAB,False
microsoft-visio-standard-2019-windows,MICROSOFT VISIO STANDARD 2019 (WINDOWS),LP-F8A1B99D2E,LP-F8A1B99D2E,E08UG8,E08UG8,assignment_unverified,Microsoft,Microsoft Visio,5056143125396,assignment_unverified,valid,19.9,EUR,InStock,,PendingReview,https://licenzpol.it/it/product/microsoft-visio-standard-2019-windows/,,,Licenzpol,DIGITALSOFT DI MUNSHI SHIHAB,False
microsoft-visio-professional-2016-windows,MICROSOFT VISIO PROFESSIONAL 2016 (WINDOWS),LP-75D938A88D,LP-75D938A88D,W38QR1,W38QR1,assignment_unverified,Microsoft,Microsoft Visio,760947046751,assignment_unverified,valid,14.9,EUR,InStock,,PendingReview,https://licenzpol.it/it/product/microsoft-visio-professional-2016-windows/,,,Licenzpol,DIGITALSOFT DI MUNSHI SHIHAB,False
microsoft-visio-standard-2016-windows,MICROSOFT VISIO STANDARD 2016 (WINDOWS),LP-5404B4AF83,LP-5404B4AF83,2IS04TH,2IS04TH,assignment_unverified,Microsoft,Microsoft Visio,885370991727,assignment_unverified,valid,14.9,EUR,InStock,,PendingReview,https://licenzpol.it/it/product/microsoft-visio-standard-2016-windows/,,,Licenzpol,DIGITALSOFT DI MUNSHI SHIHAB,False
microsoft-visio-professional-2013-windows,MICROSOFT VISIO PROFESSIONAL 2013 (WINDOWS),LP-59F5D9B02A,LP-59F5D9B02A,W0FD85,W0FD85,assignment_unverified,Microsoft,Microsoft Visio,885370454345,assignment_unverified,valid,12.9,EUR,InStock,,PendingReview,https://licenzpol.it/it/product/microsoft-visio-professional-2013-windows/,,,Licenzpol,DIGITALSOFT DI MUNSHI SHIHAB,False
microsoft-visio-standard-2013-windows,MICROSOFT VISIO STANDARD 2013 (WINDOWS),LP-96BEBA2CCF,LP-96BEBA2CCF,BE90W5,BE90W5,assignment_unverified,Microsoft,Microsoft Visio,0885370454765,assignment_unverified,valid,12.9,EUR,InStock,,PendingReview,https://licenzpol.it/it/product/microsoft-visio-standard-2013-windows/,,,Licenzpol,DIGITALSOFT DI MUNSHI SHIHAB,False
microsoft-visio-professional-2010-windows,MICROSOFT VISIO PROFESSIONAL 2010 (WINDOWS),LP-EA22B9925A,LP-EA22B9925A,5HK49X,5HK49X,assignment_unverified,Microsoft,Microsoft Visio,0760947046713,assignment_unverified,valid,9.9,EUR,InStock,,PendingReview,https://licenzpol.it/it/product/microsoft-visio-professional-2010-windows/,,,Licenzpol,DIGITALSOFT DI MUNSHI SHIHAB,False
microsoft-visio-standard-2010-windows,MICROSOFT VISIO STANDARD 2010 (WINDOWS),LP-941DE52DF8,LP-941DE52DF8,C39I4P,C39I4P,assignment_unverified,Microsoft,Microsoft Visio,4250494902625,assignment_unverified,valid,9.9,EUR,InStock,,PendingReview,https://licenzpol.it/it/product/microsoft-visio-standard-2010-windows/,,,Licenzpol,DIGITALSOFT DI MUNSHI SHIHAB,False
microsoft-access-2019-windows,MICROSOFT ACCESS 2019 (WINDOWS),LP-6B06F658CF,LP-6B06F658CF,39CI2S,39CI2S,assignment_unverified,Microsoft,Microsoft Access,760947037797,assignment_unverified,valid,14.9,EUR,InStock,,PendingReview,https://licenzpol.it/it/product/microsoft-access-2019-windows/,,,Licenzpol,DIGITALSOFT DI MUNSHI SHIHAB,False
microsoft-access-2016-windows,MICROSOFT ACCESS 2016 (WINDOWS),LP-E6B237F206,LP-E6B237F206,CWQ349,CWQ349,assignment_unverified,Microsoft,Microsoft Access,0760947036905,assignment_unverified,valid,9.9,EUR,InStock,,PendingReview,https://licenzpol.it/it/product/microsoft-access-2016-windows/,,,Licenzpol,DIGITALSOFT DI MUNSHI SHIHAB,False
microsoft-publisher-2019-windows,MICROSOFT PUBLISHER 2019 (WINDOWS),LP-C49A4C54D8,LP-C49A4C54D8,C30CR5,C30CR5,assignment_unverified,Microsoft,Microsoft Publisher,5056143123736,assignment_unverified,valid,18.9,EUR,InStock,,PendingReview,https://licenzpol.it/it/product/microsoft-publisher-2019-windows/,,,Licenzpol,DIGITALSOFT DI MUNSHI SHIHAB,False
microsoft-publisher-2016-windows,MICROSOFT PUBLISHER 2016 (WINDOWS),LP-DFC74847E9,LP-DFC74847E9,C30CT6,C30CT6,assignment_unverified,Microsoft,Microsoft Publisher,0885370451085,assignment_unverified,valid,17.9,EUR,InStock,,PendingReview,https://licenzpol.it/it/product/microsoft-publisher-2016-windows/,,,Licenzpol,DIGITALSOFT DI MUNSHI SHIHAB,False
microsoft-visual-studio-enterprise-2017,MICROSOFT VISUAL STUDIO ENTERPRISE 2017,LP-3CF0AA6DA8,LP-3CF0AA6DA8,951VDR,951VDR,assignment_unverified,Microsoft,Microsoft Visual Studio,0787976989682,assignment_unverified,valid,16.9,EUR,InStock,,PendingReview,https://licenzpol.it/it/product/microsoft-visual-studio-enterprise-2017/,,,Licenzpol,DIGITALSOFT DI MUNSHI SHIHAB,False
microsoft-visual-studio-pro-2017,MICROSOFT VISUAL STUDIO PRO 2017,LP-168642CEF8,LP-168642CEF8,X0W1R2,X0W1R2,assignment_unverified,Microsoft,Microsoft Visual Studio,4260518141909,assignment_unverified,valid,46.9,EUR,InStock,,PendingReview,https://licenzpol.it/it/product/microsoft-visual-studio-pro-2017/,,,Licenzpol,DIGITALSOFT DI MUNSHI SHIHAB,False
microsoft-windows-10-enterprise-ltsc-2019,MICROSOFT WINDOWS 10 ENTERPRISE LTSC 2019,LP-262785F999,LP-262785F999,20CXO7,20CXO7,assignment_unverified,Microsoft,Microsoft Windows 10,760947038602,assignment_unverified,valid,19.99,EUR,InStock,,PendingReview,https://licenzpol.it/it/product/microsoft-windows-10-enterprise-ltsc-2019/,,,Licenzpol,DIGITALSOFT DI MUNSHI SHIHAB,False
microsoft-windows-10-enterprise-n-ltsc-2019,MICROSOFT WINDOWS 10 ENTERPRISE N LTSC 2019,LP-08F0461E3A,LP-08F0461E3A,C30R1F,C30R1F,assignment_unverified,Microsoft,Microsoft Windows 10,0885370938821,assignment_unverified,valid,29,EUR,InStock,,PendingReview,https://licenzpol.it/it/product/microsoft-windows-10-enterprise-n-ltsc-2019/,,,Licenzpol,DIGITALSOFT DI MUNSHI SHIHAB,False
microsoft-windows-10-professional,MICROSOFT WINDOWS 10 PROFESSIONAL,LP-C8B461F5FD,LP-C8B461F5FD,XW93R1,XW93R1,assignment_unverified,Microsoft,Microsoft Windows 10,8853709208572,assignment_unverified,valid,9.9,EUR,InStock,,PendingReview,https://licenzpol.it/it/product/microsoft-windows-10-professional/,,,Licenzpol,DIGITALSOFT DI MUNSHI SHIHAB,False
microsoft-windows-10-home,MICROSOFT WINDOWS 10 HOME,LP-440A865EE2,LP-440A865EE2,6LXF05,6LXF05,assignment_unverified,Microsoft,Microsoft Windows 10,0885370918359,assignment_unverified,valid,9.9,EUR,InStock,,PendingReview,https://licenzpol.it/it/product/microsoft-windows-10-home/,,,Licenzpol,DIGITALSOFT DI MUNSHI SHIHAB,False
microsoft-windows-10-pro-n,MICROSOFT WINDOWS 10 PRO N,LP-780C3F357E,LP-780C3F357E,CJXS582,CJXS582,assignment_unverified,Microsoft,Microsoft Windows 10,0885370903959,assignment_unverified,valid,11.9,EUR,InStock,,PendingReview,https://licenzpol.it/it/product/microsoft-windows-10-pro-n/,,,Licenzpol,DIGITALSOFT DI MUNSHI SHIHAB,False
microsoft-windows-10-home-n,MICROSOFT WINDOWS 10 HOME N,LP-8B8D4CD6F0,LP-8B8D4CD6F0,KJ29X3,KJ29X3,assignment_unverified,Microsoft,Microsoft Windows 10,0889842537093,assignment_unverified,valid,9.9,EUR,InStock,,PendingReview,https://licenzpol.it/it/product/microsoft-windows-10-home-n/,,,Licenzpol,DIGITALSOFT DI MUNSHI SHIHAB,False
microsoft-windows-10-enterprise,MICROSOFT WINDOWS 10 ENTERPRISE,LP-1587840C18,LP-1587840C18,OSW923,OSW923,assignment_unverified,Microsoft,Microsoft Windows 10,0787976988159,assignment_unverified,valid,12.9,EUR,InStock,,PendingReview,https://licenzpol.it/it/product/microsoft-windows-10-enterprise/,,,Licenzpol,DIGITALSOFT DI MUNSHI SHIHAB,False
microsoft-windows-10-enterprise-ltsb,MICROSOFT WINDOWS 10 ENTERPRISE LTSB,LP-05809BE505,LP-05809BE505,VS9E64,VS9E64,assignment_unverified,Microsoft,Microsoft Windows 10,760947038022,assignment_unverified,valid,10.9,EUR,InStock,,PendingReview,https://licenzpol.it/it/product/microsoft-windows-10-enterprise-ltsb/,,,Licenzpol,DIGITALSOFT DI MUNSHI SHIHAB,False
microsoft-windows-10-education,MICROSOFT WINDOWS 10 EDUCATION,LP-EB0AE50425,LP-EB0AE50425,V93RT6,V93RT6,assignment_unverified,Microsoft,Microsoft Windows 10,0702795226961,assignment_unverified,valid,15,EUR,InStock,,PendingReview,https://licenzpol.it/it/product/microsoft-windows-10-education/,,,Licenzpol,DIGITALSOFT DI MUNSHI SHIHAB,False
microsoft-windows-8-pro,MICROSOFT WINDOWS 8 PRO,LP-8C866105F1,LP-8C866105F1,9IE26X,9IE26X,assignment_unverified,Microsoft,Microsoft Windows 8,0885370414899,assignment_unverified,valid,9.9,EUR,InStock,,PendingReview,https://licenzpol.it/it/product/microsoft-windows-8-pro/,,,Licenzpol,DIGITALSOFT DI MUNSHI SHIHAB,False
microsoft-windows-81,MICROSOFT WINDOWS 8.1,LP-3CB11D15A4,LP-3CB11D15A4,V873FI,V873FI,assignment_unverified,Microsoft,Microsoft Windows 8,0885370635652,assignment_unverified,valid,8.9,EUR,InStock,,PendingReview,https://licenzpol.it/it/product/microsoft-windows-81/,,,Licenzpol,DIGITALSOFT DI MUNSHI SHIHAB,False
microsoft-windows-81-pro,MICROSOFT WINDOWS 8.1 PRO,LP-FF1ED95207,LP-FF1ED95207,93ITW7,93ITW7,assignment_unverified,Microsoft,Microsoft Windows 8,0885370637939,assignment_unverified,valid,7.9,EUR,InStock,,PendingReview,https://licenzpol.it/it/product/microsoft-windows-81-pro/,,,Licenzpol,DIGITALSOFT DI MUNSHI SHIHAB,False
windows-81-enterprise,WINDOWS 8.1 ENTERPRISE,LP-18DE22F77E,LP-18DE22F77E,8LGY62,8LGY62,assignment_unverified,Microsoft,Microsoft Windows 8,0885370635690,assignment_unverified,valid,13.9,EUR,InStock,,PendingReview,https://licenzpol.it/it/product/windows-81-enterprise/,,,Licenzpol,DIGITALSOFT DI MUNSHI SHIHAB,False
microsoft-windows-7-home-premium,MICROSOFT WINDOWS 7 HOME PREMIUM,LP-1D3BF9FE3A,LP-1D3BF9FE3A,673WJF,673WJF,assignment_unverified,Microsoft,Microsoft Windows 7,882224950961,assignment_unverified,valid,7.9,EUR,InStock,,PendingReview,https://licenzpol.it/it/product/microsoft-windows-7-home-premium/,,,Licenzpol,DIGITALSOFT DI MUNSHI SHIHAB,False
microsoft-windows-7-professional,MICROSOFT WINDOWS 7 PROFESSIONAL,LP-D1EED2BDCB,LP-D1EED2BDCB,2JX95T,2JX95T,assignment_unverified,Microsoft,Microsoft Windows 7,0702795227418,assignment_unverified,valid,9.9,EUR,InStock,,PendingReview,https://licenzpol.it/it/product/microsoft-windows-7-professional/,,,Licenzpol,DIGITALSOFT DI MUNSHI SHIHAB,False
microsoft-windows-7-ultimate,MICROSOFT WINDOWS 7 ULTIMATE,LP-8D793F9B8F,LP-8D793F9B8F,9AS5P7,9AS5P7,assignment_unverified,Microsoft,Microsoft Windows 7,0882224923415,assignment_unverified,valid,6.7,EUR,InStock,,PendingReview,https://licenzpol.it/it/product/microsoft-windows-7-ultimate/,,,Licenzpol,DIGITALSOFT DI MUNSHI SHIHAB,False
microsoft-windows-7-enterprise,MICROSOFT WINDOWS 7 ENTERPRISE,LP-569118159C,LP-569118159C,2C94ME,2C94ME,assignment_unverified,Microsoft,Microsoft Windows 7,0760947037629,assignment_unverified,valid,13.99,EUR,InStock,,PendingReview,https://licenzpol.it/it/product/microsoft-windows-7-enterprise/,,,Licenzpol,DIGITALSOFT DI MUNSHI SHIHAB,False
corel-draw-graphics-suite-2018,COREL DRAW - GRAPHICS SUITE 2018,LP-386215FE87,LP-386215FE87,V90E4T,V90E4T,assignment_unverified,Corel Draw,COREL,7443539462483,assignment_unverified,valid,59,EUR,InStock,,PendingReview,https://licenzpol.it/it/product/corel-draw-graphics-suite-2018/,,,Licenzpol,DIGITALSOFT DI MUNSHI SHIHAB,False
corel-draw-painter-2019,COREL DRAW - PAINTER 2019,LP-B04B1FC286,LP-B04B1FC286,W094RG,W094RG,assignment_unverified,Corel Draw,COREL,7443539462476,assignment_unverified,valid,129,EUR,OutOfStock,,PendingReview,https://licenzpol.it/it/product/corel-draw-painter-2019/,,,Licenzpol,DIGITALSOFT DI MUNSHI SHIHAB,False
autocad,AUTOCAD - ABBONAMENTO 12 MESI,LP-ED0147F300,LP-ED0147F300,VW3R85,VW3R85,assignment_unverified,Autodesk,AUTODESK,7443539462469,assignment_unverified,valid,149,EUR,InStock,,PendingReview,https://licenzpol.it/it/product/autocad/,,,Licenzpol,DIGITALSOFT DI MUNSHI SHIHAB,False
autocad-revit,AUTOCAD REVIT,LP-7779F874D5,LP-7779F874D5,9RWI95,9RWI95,assignment_unverified,Autodesk,AUTODESK,,missing,missing,89.5,EUR,InStock,,PendingReview,https://licenzpol.it/it/product/autocad-revit/,,,Licenzpol,DIGITALSOFT DI MUNSHI SHIHAB,False
autocad-lt,AUTOCAD LT,LP-848E6361B6,LP-848E6361B6,VE27B1,VE27B1,assignment_unverified,Autodesk,AUTODESK,7443539462452,assignment_unverified,valid,49.9,EUR,InStock,,PendingReview,https://licenzpol.it/it/product/autocad-lt/,,,Licenzpol,DIGITALSOFT DI MUNSHI SHIHAB,False
kaspersky-internet-security-2025,KASPERSKY INTERNET SECURITY 2026,LP-2271CCCF00,LP-2271CCCF00,VPE407,VPE407,assignment_unverified,Kaspersky,Kaspersky Internet Security,7443539562541,assignment_unverified,valid,14.9,EUR,InStock,,PendingReview,https://licenzpol.it/it/product/kaspersky-internet-security-2025/,,,Licenzpol,DIGITALSOFT DI MUNSHI SHIHAB,False
windows-sql-server-2019-standard-cals-incluse,WINDOWS SQL SERVER 2019 STANDARD - CALS INCLUSE,LP-1CFFF29557,LP-1CFFF29557,FEP259,FEP259,assignment_unverified,Microsoft,Microsoft SQL Server,0760947038404,assignment_unverified,valid,79.9,EUR,InStock,,PendingReview,https://licenzpol.it/it/product/windows-sql-server-2019-standard-cals-incluse/,,,Licenzpol,DIGITALSOFT DI MUNSHI SHIHAB,False
windows-sql-server-2017-standard-cals-incluse,WINDOWS SQL SERVER 2017 STANDARD - CALS INCLUSE,LP-D56C81845F,LP-D56C81845F,VD033L,VD033L,assignment_unverified,Microsoft,Microsoft SQL Server,760947036615,assignment_unverified,valid,65,EUR,InStock,,PendingReview,https://licenzpol.it/it/product/windows-sql-server-2017-standard-cals-incluse/,,,Licenzpol,DIGITALSOFT DI MUNSHI SHIHAB,False
microsoft-sql-server-2016-standard,MICROSOFT SQL SERVER 2016 STANDARD,LP-B005E894D1,LP-B005E894D1,9IWT00,9IWT00,assignment_unverified,Microsoft,Microsoft SQL Server,4058154164150,assignment_unverified,valid,56.9,EUR,InStock,,PendingReview,https://licenzpol.it/it/product/microsoft-sql-server-2016-standard/,,,Licenzpol,DIGITALSOFT DI MUNSHI SHIHAB,False
microsoft-sql-server-standard-2016-10-user-cal,MICROSOFT SQL SERVER STANDARD 2016 - 10 USER CAL,LP-15C0DC1118,LP-15C0DC1118,3E4US1,3E4US1,assignment_unverified,Microsoft,Microsoft SQL Server,0760947036394,assignment_unverified,valid,95,EUR,InStock,,PendingReview,https://licenzpol.it/it/product/microsoft-sql-server-standard-2016-10-user-cal/,,,Licenzpol,DIGITALSOFT DI MUNSHI SHIHAB,False
microsoft-sql-server-2014-standard,MICROSOFT SQL SERVER 2014 STANDARD,LP-0F9CC08FB0,LP-0F9CC08FB0,EER924,EER924,assignment_unverified,Microsoft,Microsoft SQL Server,0760947036455,assignment_unverified,valid,49.9,EUR,InStock,,PendingReview,https://licenzpol.it/it/product/microsoft-sql-server-2014-standard/,,,Licenzpol,DIGITALSOFT DI MUNSHI SHIHAB,False
microsoft-sql-server-std-2014-10-user-cals,MICROSOFT SQL SERVER STD 2014 - 10 USER CALS,LP-AA56840B22,LP-AA56840B22,29SED6,29SED6,assignment_unverified,Microsoft,Microsoft SQL Server,0760947036356,assignment_unverified,valid,97.5,EUR,InStock,,PendingReview,https://licenzpol.it/it/product/microsoft-sql-server-std-2014-10-user-cals/,,,Licenzpol,DIGITALSOFT DI MUNSHI SHIHAB,False
microsoft-exchange-server-2019-enterprise,MICROSOFT EXCHANGE SERVER 2019 ENTERPRISE,LP-EF40840573,LP-EF40840573,34GFD7,34GFD7,assignment_unverified,Microsoft,Microsoft Windows Server 2019,0760947037865,assignment_unverified,valid,179,EUR,InStock,,PendingReview,https://licenzpol.it/it/product/microsoft-exchange-server-2019-enterprise/,,,Licenzpol,DIGITALSOFT DI MUNSHI SHIHAB,False
microsoft-exchange-server-2019-standard,MICROSOFT EXCHANGE SERVER 2019 STANDARD,LP-2273F4E836,LP-2273F4E836,E48AF0,E48AF0,assignment_unverified,Microsoft,Microsoft Windows Server 2019,0760947037858,assignment_unverified,valid,89,EUR,InStock,,PendingReview,https://licenzpol.it/it/product/microsoft-exchange-server-2019-standard/,,,Licenzpol,DIGITALSOFT DI MUNSHI SHIHAB,False
windows-server-2019-datacenter,WINDOWS SERVER 2019 DATACENTER,LP-E3FE0F0A41,LP-E3FE0F0A41,WC29E0,WC29E0,assignment_unverified,Microsoft,Microsoft Windows Server 2019,0760947037506,assignment_unverified,valid,39,EUR,InStock,,PendingReview,https://licenzpol.it/it/product/windows-server-2019-datacenter/,,,Licenzpol,DIGITALSOFT DI MUNSHI SHIHAB,False
windows-server-2019-essentials,WINDOWS SERVER 2019 ESSENTIALS,LP-631103548A,LP-631103548A,V329DM,V329DM,assignment_unverified,Microsoft,Microsoft Windows Server 2019,0760947037490,assignment_unverified,valid,25,EUR,InStock,,PendingReview,https://licenzpol.it/it/product/windows-server-2019-essentials/,,,Licenzpol,DIGITALSOFT DI MUNSHI SHIHAB,False
windows-server-2019-standard,WINDOWS SERVER 2019 STANDARD,LP-8C3800DF80,LP-8C3800DF80,3VA93F,3VA93F,assignment_unverified,Microsoft,Microsoft Windows Server 2019,0760947048724,assignment_unverified,valid,25,EUR,InStock,,PendingReview,https://licenzpol.it/it/product/windows-server-2019-standard/,,,Licenzpol,DIGITALSOFT DI MUNSHI SHIHAB,False
windows-server-2019-10-user-cals,WINDOWS SERVER 2019 - 10 USER CALS,LP-C6FEAD7474,LP-C6FEAD7474,DCQ673,DCQ673,assignment_unverified,Microsoft,Microsoft Windows Server 2019,5706998784643,assignment_unverified,valid,56.9,EUR,InStock,,PendingReview,https://licenzpol.it/it/product/windows-server-2019-10-user-cals/,,,Licenzpol,DIGITALSOFT DI MUNSHI SHIHAB,False
windows-server-2019-10-device-cals,WINDOWS SERVER 2019 - 10 DEVICE CALS,LP-5EA8D4131C,LP-5EA8D4131C,20CM5E,20CM5E,assignment_unverified,Microsoft,Microsoft Windows Server 2019,0760947037902,assignment_unverified,valid,49,EUR,InStock,,PendingReview,https://licenzpol.it/it/product/windows-server-2019-10-device-cals/,,,Licenzpol,DIGITALSOFT DI MUNSHI SHIHAB,False
windows-server-2019-10-rds-user-cals,WINDOWS SERVER 2019 - 10 RDS USER CALS,LP-6BBF633374,LP-6BBF633374,3W90CM,3W90CM,assignment_unverified,Microsoft,Microsoft Windows Server 2019,0760947038558,assignment_unverified,valid,69,EUR,InStock,,PendingReview,https://licenzpol.it/it/product/windows-server-2019-10-rds-user-cals/,,,Licenzpol,DIGITALSOFT DI MUNSHI SHIHAB,False
microsoft-exchange-server-2016-standard,MICROSOFT EXCHANGE SERVER 2016 STANDARD,LP-B76B50E61A,LP-B76B50E61A,39CIA1,39CIA1,assignment_unverified,Microsoft,Microsoft Windows Server 2016,0760947046973,assignment_unverified,valid,29,EUR,InStock,,PendingReview,https://licenzpol.it/it/product/microsoft-exchange-server-2016-standard/,,,Licenzpol,DIGITALSOFT DI MUNSHI SHIHAB,False
microsoft-exchange-server-2016-std-10-device-cals,MICROSOFT EXCHANGE SERVER 2016 STD 10 DEVICE CALS,LP-411E0CC683,LP-411E0CC683,VV23C9,VV23C9,assignment_unverified,Microsoft,Microsoft Windows Server 2016,0760947047062,assignment_unverified,valid,79,EUR,InStock,,PendingReview,https://licenzpol.it/it/product/microsoft-exchange-server-2016-std-10-device-cals/,,,Licenzpol,DIGITALSOFT DI MUNSHI SHIHAB,False
microsoft-windows-server-2016-standard,MICROSOFT WINDOWS SERVER 2016 STANDARD,LP-C4043B3D94,LP-C4043B3D94,W359AZ,W359AZ,assignment_unverified,Microsoft,Microsoft Windows Server 2016,0760947046911,assignment_unverified,valid,19.9,EUR,InStock,,PendingReview,https://licenzpol.it/it/product/microsoft-windows-server-2016-standard/,,,Licenzpol,DIGITALSOFT DI MUNSHI SHIHAB,False
windows-server-2016-datacenter,WINDOWS SERVER 2016 DATACENTER,LP-422F729D6C,LP-422F729D6C,30IC5A,30IC5A,assignment_unverified,Microsoft,Microsoft Windows Server 2016,0756244371788,assignment_unverified,valid,29.9,EUR,InStock,,PendingReview,https://licenzpol.it/it/product/windows-server-2016-datacenter/,,,Licenzpol,DIGITALSOFT DI MUNSHI SHIHAB,False
windows-server-2016-essentials,WINDOWS SERVER 2016 ESSENTIALS,LP-8725062B8E,LP-8725062B8E,E93SR0,E93SR0,assignment_unverified,Microsoft,Microsoft Windows Server 2016,0889842166170,assignment_unverified,valid,19.9,EUR,InStock,,PendingReview,https://licenzpol.it/it/product/windows-server-2016-essentials/,,,Licenzpol,DIGITALSOFT DI MUNSHI SHIHAB,False
microsoft-windows-server-2016-standard-10-user-cals,MICROSOFT WINDOWS SERVER 2016 STANDARD - 10 USER CALS,LP-73C64A9CD8,LP-73C64A9CD8,E2C0F2,E2C0F2,assignment_unverified,Microsoft,Microsoft Windows Server 2016,0760947036028,assignment_unverified,valid,34.9,EUR,InStock,,PendingReview,https://licenzpol.it/it/product/microsoft-windows-server-2016-standard-10-user-cals/,,,Licenzpol,DIGITALSOFT DI MUNSHI SHIHAB,False
microsoft-windows-server-2016-standard-10-device-cals,MICROSOFT WINDOWS SERVER 2016 STANDARD - 10 DEVICE CALS,LP-84764B4F83,LP-84764B4F83,25T9UX,25T9UX,assignment_unverified,Microsoft,Microsoft Windows Server 2016,0760947036042,assignment_unverified,valid,34.9,EUR,InStock,,PendingReview,https://licenzpol.it/it/product/microsoft-windows-server-2016-standard-10-device-cals/,,,Licenzpol,DIGITALSOFT DI MUNSHI SHIHAB,False
microsoft-windows-server-2016-standard-rds-10-user-cals,MICROSOFT WINDOWS SERVER 2016 STANDARD - RDS 10 USER CALS,LP-75E2C34ADE,LP-75E2C34ADE,W4R4S1,W4R4S1,assignment_unverified,Microsoft,Microsoft Windows Server 2016,0760947036301,assignment_unverified,valid,34.9,EUR,InStock,,PendingReview,https://licenzpol.it/it/product/microsoft-windows-server-2016-standard-rds-10-user-cals/,,,Licenzpol,DIGITALSOFT DI MUNSHI SHIHAB,False
microsoft-windows-server-2016-standard-rds-10-device-cals,MICROSOFT WINDOWS SERVER 2016 STANDARD - RDS 10 DEVICE CALS,LP-2BC18207BE,LP-2BC18207BE,WER360,WER360,assignment_unverified,Microsoft,Microsoft Windows Server 2016,0190017120997,assignment_unverified,valid,34.9,EUR,InStock,,PendingReview,https://licenzpol.it/it/product/microsoft-windows-server-2016-standard-rds-10-device-cals/,,,Licenzpol,DIGITALSOFT DI MUNSHI SHIHAB,False
microsoft-windows-server-2016-datacenter-10-user-cals,MICROSOFT WINDOWS SERVER 2016 DATACENTER - 10 USER CALS,LP-3DA0E4FE39,LP-3DA0E4FE39,640I3DJ,640I3DJ,assignment_unverified,Microsoft,Microsoft Windows Server 2016,5397063977611,assignment_unverified,valid,114.99,EUR,InStock,,PendingReview,https://licenzpol.it/it/product/microsoft-windows-server-2016-datacenter-10-user-cals/,,,Licenzpol,DIGITALSOFT DI MUNSHI SHIHAB,False
microsoft-windows-server-2016-datacenter-rds-10-user-cals,MICROSOFT WINDOWS SERVER 2016 DATACENTER - RDS 10 USER CALS,LP-128177AB4B,LP-128177AB4B,E403AS,E403AS,assignment_unverified,Microsoft,Microsoft Windows Server 2016,5397063976331,assignment_unverified,valid,114.99,EUR,InStock,,PendingReview,https://licenzpol.it/it/product/microsoft-windows-server-2016-datacenter-rds-10-user-cals/,,,Licenzpol,DIGITALSOFT DI MUNSHI SHIHAB,False
microsoft-windows-server-2016-datacenter-10-device-cals,MICROSOFT WINDOWS SERVER 2016 DATACENTER - 10 DEVICE CALS,LP-0BA7561117,LP-0BA7561117,EOR350,EOR350,assignment_unverified,Microsoft,Microsoft Windows Server 2016,5397063977604,assignment_unverified,valid,114.99,EUR,InStock,,PendingReview,https://licenzpol.it/it/product/microsoft-windows-server-2016-datacenter-10-device-cals/,,,Licenzpol,DIGITALSOFT DI MUNSHI SHIHAB,False
microsoft-windows-server-2016-datacenter-rds-10-device-cals,WINDOWS SERVER 2016 DATACENTER RDS 10 DEVICE CALS,LP-8E9D95E0CF,LP-8E9D95E0CF,392SFM,392SFM,assignment_unverified,Microsoft,Microsoft Windows Server 2016,0760947036325,assignment_unverified,valid,114.99,EUR,InStock,,PendingReview,https://licenzpol.it/it/product/microsoft-windows-server-2016-datacenter-rds-10-device-cals/,,,Licenzpol,DIGITALSOFT DI MUNSHI SHIHAB,False
windows-server-2012-datacenter,WINDOWS SERVER 2012 DATACENTER,LP-C14B4CB658,LP-C14B4CB658,5V0RS2,5V0RS2,assignment_unverified,Microsoft,Microsoft Windows Server 2012,0760947046850,assignment_unverified,valid,19.9,EUR,InStock,,PendingReview,https://licenzpol.it/it/product/windows-server-2012-datacenter/,,,Licenzpol,DIGITALSOFT DI MUNSHI SHIHAB,False
windows-server-2012-r2-datacenter,WINDOWS SERVER 2012 R2 DATACENTER,LP-7F1D625D63,LP-7F1D625D63,0IW3E1,0IW3E1,assignment_unverified,Microsoft,Microsoft Windows Server 2012,0787976988760,assignment_unverified,valid,19.9,EUR,InStock,,PendingReview,https://licenzpol.it/it/product/windows-server-2012-r2-datacenter/,,,Licenzpol,DIGITALSOFT DI MUNSHI SHIHAB,False
windows-server-2012-essentials,WINDOWS SERVER 2012 ESSENTIALS,LP-F1D03296F2,LP-F1D03296F2,ER503W,ER503W,assignment_unverified,Microsoft,Microsoft Windows Server 2012,0760947046867,assignment_unverified,valid,14.9,EUR,InStock,,PendingReview,https://licenzpol.it/it/product/windows-server-2012-essentials/,,,Licenzpol,DIGITALSOFT DI MUNSHI SHIHAB,False
windows-server-2012-r2-essentials,WINDOWS SERVER 2012 R2 ESSENTIALS,LP-513BA884BB,LP-513BA884BB,BR5Y54,BR5Y54,assignment_unverified,Microsoft,Microsoft Windows Server 2012,0760947046898,assignment_unverified,valid,14.9,EUR,InStock,,PendingReview,https://licenzpol.it/it/product/windows-server-2012-r2-essentials/,,,Licenzpol,DIGITALSOFT DI MUNSHI SHIHAB,False
windows-server-2012-standard,WINDOWS SERVER 2012 STANDARD,LP-B320E50BE5,LP-B320E50BE5,4FD35C,4FD35C,assignment_unverified,Microsoft,Microsoft Windows Server 2012,0760947046843,assignment_unverified,valid,14.9,EUR,InStock,,PendingReview,https://licenzpol.it/it/product/windows-server-2012-standard/,,,Licenzpol,DIGITALSOFT DI MUNSHI SHIHAB,False
microsoft-windows-server-2012-r2-standard,MICROSOFT WINDOWS SERVER 2012 R2 STANDARD,LP-A151A44896,LP-A151A44896,E459LC,E459LC,assignment_unverified,Microsoft,Microsoft Windows Server 2012,0760947046874,assignment_unverified,valid,19.9,EUR,InStock,,PendingReview,https://licenzpol.it/it/product/microsoft-windows-server-2012-r2-standard/,,,Licenzpol,DIGITALSOFT DI MUNSHI SHIHAB,False
microsoft-server-2012-r2-foundation,MICROSOFT SERVER 2012 R2 FOUNDATION,LP-A4964F37AC,LP-A4964F37AC,W94AF7,W94AF7,assignment_unverified,Microsoft,Microsoft Windows Server 2012,0888440730790,assignment_unverified,valid,21.5,EUR,InStock,,PendingReview,https://licenzpol.it/it/product/microsoft-server-2012-r2-foundation/,,,Licenzpol,DIGITALSOFT DI MUNSHI SHIHAB,False
windows-server-2012-10-user-cals,WINDOWS SERVER 2012 10 USER CALS,LP-A998F2FDF8,LP-A998F2FDF8,ER430R,ER430R,assignment_unverified,Microsoft,Microsoft Windows Server 2012,0760947035960,assignment_unverified,valid,72.99,EUR,InStock,,PendingReview,https://licenzpol.it/it/product/windows-server-2012-10-user-cals/,,,Licenzpol,DIGITALSOFT DI MUNSHI SHIHAB,False
windows-server-2012-rds-10-user-cals,WINDOWS SERVER 2012 RDS 10 USER CALS,LP-0D92B68BCA,LP-0D92B68BCA,N35OP2,N35OP2,assignment_unverified,Microsoft,Microsoft Windows Server 2012,0760947036233,assignment_unverified,valid,44.9,EUR,InStock,,PendingReview,https://licenzpol.it/it/product/windows-server-2012-rds-10-user-cals/,,,Licenzpol,DIGITALSOFT DI MUNSHI SHIHAB,False
windows-server-2012-rds-10-device-cals,WINDOWS SERVER 2012 RDS 10 DEVICE CALS,LP-3F60ACD5EA,LP-3F60ACD5EA,VML630,VML630,assignment_unverified,Microsoft,Microsoft Windows Server 2012,4051554521912,assignment_unverified,valid,44.9,EUR,InStock,,PendingReview,https://licenzpol.it/it/product/windows-server-2012-rds-10-device-cals/,,,Licenzpol,DIGITALSOFT DI MUNSHI SHIHAB,False
windows-server-2012-r2-10-user-cals,WINDOWS SERVER 2012 R2 10 USER CALS,LP-EA9A7D6A90,LP-EA9A7D6A90,HB873D,HB873D,assignment_unverified,Microsoft,Microsoft Windows Server 2012,0760947036004,assignment_unverified,valid,69,EUR,InStock,,PendingReview,https://licenzpol.it/it/product/windows-server-2012-r2-10-user-cals/,,,Licenzpol,DIGITALSOFT DI MUNSHI SHIHAB,False
windows-server-2012-r2-10-device-cals,WINDOWS SERVER 2012 R2 10 DEVICE CALS,LP-A35A87FCDB,LP-A35A87FCDB,76T8OC,76T8OC,assignment_unverified,Microsoft,Microsoft Windows Server 2012,760947035977,assignment_unverified,valid,69,EUR,InStock,,PendingReview,https://licenzpol.it/it/product/windows-server-2012-r2-10-device-cals/,,,Licenzpol,DIGITALSOFT DI MUNSHI SHIHAB,False
windows-server-2012-r2-rds-10-user-cals,WINDOWS SERVER 2012 R2 RDS 10 USER CALS,LP-8FFAE9516A,LP-8FFAE9516A,MB765D,MB765D,assignment_unverified,Microsoft,Microsoft Windows Server 2012,0760947036264,assignment_unverified,valid,44.9,EUR,InStock,,PendingReview,https://licenzpol.it/it/product/windows-server-2012-r2-rds-10-user-cals/,,,Licenzpol,DIGITALSOFT DI MUNSHI SHIHAB,False
windows-server-2012-r2-rds-10-device-cals,WINDOWS SERVER 2012 R2 RDS 10 DEVICE CALS,LP-384E474AD0,LP-384E474AD0,0U9YT5,0U9YT5,assignment_unverified,Microsoft,Microsoft Windows Server 2012,0760947036257,assignment_unverified,valid,44.9,EUR,InStock,,PendingReview,https://licenzpol.it/it/product/windows-server-2012-r2-rds-10-device-cals/,,,Licenzpol,DIGITALSOFT DI MUNSHI SHIHAB,False
windows-server-2012-10-device-cals,WINDOWS SERVER 2012 10 DEVICE CALS,LP-0296C60517,LP-0296C60517,96BTR2,96BTR2,assignment_unverified,Microsoft,Microsoft Windows Server 2012,0760947035953,assignment_unverified,valid,69,EUR,InStock,,PendingReview,https://licenzpol.it/it/product/windows-server-2012-10-device-cals/,,,Licenzpol,DIGITALSOFT DI MUNSHI SHIHAB,False
windows-server-2008-datacenter,WINDOWS SERVER 2008 DATACENTER,LP-D2CE66A2C2,LP-D2CE66A2C2,3CI75X,3CI75X,assignment_unverified,Microsoft,Microsoft Windows Server 2008,0760947046805,assignment_unverified,valid,19,EUR,InStock,,PendingReview,https://licenzpol.it/it/product/windows-server-2008-datacenter/,,,Licenzpol,DIGITALSOFT DI MUNSHI SHIHAB,False
windows-server-2008-r2-datacenter,WINDOWS SERVER 2008 R2 DATACENTER,LP-F5FE8BC6E0,LP-F5FE8BC6E0,63WGF5,63WGF5,assignment_unverified,Microsoft,Microsoft Windows Server 2008,885370748000,assignment_unverified,valid,19,EUR,InStock,,PendingReview,https://licenzpol.it/it/product/windows-server-2008-r2-datacenter/,,,Licenzpol,DIGITALSOFT DI MUNSHI SHIHAB,False
windows-server-2008-enterprise,WINDOWS SERVER 2008 ENTERPRISE,LP-669D35F284,LP-669D35F284,VD4W22,VD4W22,assignment_unverified,Microsoft,Microsoft Windows Server 2008,0882224551977,assignment_unverified,valid,25,EUR,InStock,,PendingReview,https://licenzpol.it/it/product/windows-server-2008-enterprise/,,,Licenzpol,DIGITALSOFT DI MUNSHI SHIHAB,False
windows-server-2008-r2-enterprise,WINDOWS SERVER 2008 R2 ENTERPRISE,LP-BF2B4F1429,LP-BF2B4F1429,D932VT,D932VT,assignment_unverified,Microsoft,Microsoft Windows Server 2008,0882224006521,assignment_unverified,valid,56.9,EUR,InStock,,PendingReview,https://licenzpol.it/it/product/windows-server-2008-r2-enterprise/,,,Licenzpol,DIGITALSOFT DI MUNSHI SHIHAB,False
windows-server-2008-standard,WINDOWS SERVER 2008 STANDARD,LP-F818D729BA,LP-F818D729BA,30WEI6,30WEI6,assignment_unverified,Microsoft,Microsoft Windows Server 2008,0882224600255,assignment_unverified,valid,19.9,EUR,InStock,,PendingReview,https://licenzpol.it/it/product/windows-server-2008-standard/,,,Licenzpol,DIGITALSOFT DI MUNSHI SHIHAB,False
windows-server-2008-r2,WINDOWS SERVER 2008 R2 STANDARD,LP-39FD43641B,LP-39FD43641B,47DFU5,47DFU5,assignment_unverified,Microsoft,Microsoft Windows Server 2008,0885370748345,assignment_unverified,valid,14.9,EUR,InStock,,PendingReview,https://licenzpol.it/it/product/windows-server-2008-r2/,,,Licenzpol,DIGITALSOFT DI MUNSHI SHIHAB,False
windows-server-2008-r2-rds-10-user-cals,WINDOWS SERVER 2008 R2 RDS 10 USER CALS,LP-DE0162DD81,LP-DE0162DD81,8HE74Z,8HE74Z,assignment_unverified,Microsoft,Microsoft Windows Server 2008,0787976988906,assignment_unverified,valid,72.99,EUR,InStock,,PendingReview,https://licenzpol.it/it/product/windows-server-2008-r2-rds-10-user-cals/,,,Licenzpol,DIGITALSOFT DI MUNSHI SHIHAB,False
windows-server-2008-r2-rds-10-device-cals,WINDOWS SERVER 2008 R2 RDS 10 DEVICE CALS,LP-4845EC741E,LP-4845EC741E,68D7AK,68D7AK,assignment_unverified,Microsoft,Microsoft Windows Server 2008,0760947036196,assignment_unverified,valid,72.99,EUR,InStock,,PendingReview,https://licenzpol.it/it/product/windows-server-2008-r2-rds-10-device-cals/,,,Licenzpol,DIGITALSOFT DI MUNSHI SHIHAB,False
windows-server-2008-rds-10-device-cals,WINDOWS SERVER 2008 RDS 10 DEVICE CALS,LP-2B32A0DAFF,LP-2B32A0DAFF,3VI9W7,3VI9W7,assignment_unverified,Microsoft,Microsoft Windows Server 2008,0787976988913,assignment_unverified,valid,70,EUR,InStock,,PendingReview,https://licenzpol.it/it/product/windows-server-2008-rds-10-device-cals/,,,Licenzpol,DIGITALSOFT DI MUNSHI SHIHAB,False
windows-server-2008-rds-10-user-cals,WINDOWS SERVER 2008 RDS 10 USER CALS,LP-9D76377DE3,LP-9D76377DE3,05QMR2,05QMR2,assignment_unverified,Microsoft,Microsoft Windows Server 2008,0884962772232,assignment_unverified,valid,70.99,EUR,InStock,,PendingReview,https://licenzpol.it/it/product/windows-server-2008-rds-10-user-cals/,,,Licenzpol,DIGITALSOFT DI MUNSHI SHIHAB,False
microsoft-visual-studio-enterprise-2017-242,MICROSOFT VISUAL STUDIO ENTERPRISE 2015,LP-93377A988A,LP-93377A988A,V934SQ,V934SQ,assignment_unverified,Microsoft,Microsoft Visual Studio,0885370996517,assignment_unverified,valid,66.5,EUR,InStock,,PendingReview,https://licenzpol.it/it/product/microsoft-visual-studio-enterprise-2017-242/,,,Licenzpol,DIGITALSOFT DI MUNSHI SHIHAB,False
microsoft-visual-studio-professional-2015,MICROSOFT VISUAL STUDIO PROFESSIONAL 2015,LP-D315AAE221,LP-D315AAE221,VM383S,VM383S,assignment_unverified,Microsoft,Microsoft Visual Studio,0885370948837,assignment_unverified,valid,47.99,EUR,InStock,,PendingReview,https://licenzpol.it/it/product/microsoft-visual-studio-professional-2015/,,,Licenzpol,DIGITALSOFT DI MUNSHI SHIHAB,False
microsoft-exchange-server-2013-standard,MICROSOFT EXCHANGE SERVER 2013 STANDARD,LP-8D1760ACD1,LP-8D1760ACD1,49CMW9,49CMW9,assignment_unverified,Microsoft,Microsoft Windows Server 2013,0760947046966,assignment_unverified,valid,23.99,EUR,InStock,,PendingReview,https://licenzpol.it/it/product/microsoft-exchange-server-2013-standard/,,,Licenzpol,DIGITALSOFT DI MUNSHI SHIHAB,False
microsoft-exchange-server-std-2013-10-user-cals,MICROSOFT EXCHANGE SERVER STD 2013 10 USER CALS,LP-60B0CDE3A2,LP-60B0CDE3A2,48FVW3,48FVW3,assignment_unverified,Microsoft,Microsoft Windows Server 2013,0760947038909,assignment_unverified,valid,79,EUR,InStock,,PendingReview,https://licenzpol.it/it/product/microsoft-exchange-server-std-2013-10-user-cals/,,,Licenzpol,DIGITALSOFT DI MUNSHI SHIHAB,False
microsoft-office-2016-home-student-mac,MICROSOFT OFFICE 2016 HOME &amp; STUDENT (MAC),LP-A917FB9B6A,LP-A917FB9B6A,MWI324,MWI324,assignment_unverified,Microsoft,Home,0885370934502,assignment_unverified,valid,20.99,EUR,InStock,,PendingReview,https://licenzpol.it/it/product/microsoft-office-2016-home-student-mac/,,,Licenzpol,DIGITALSOFT DI MUNSHI SHIHAB,False
autocad-revit-lt,AUTOCAD REVIT LT  SUITE,LP-F096E26629,LP-F096E26629,VD73R1,VD73R1,assignment_unverified,Autodesk,AUTODESK,7443539762750,assignment_unverified,valid,89.5,EUR,InStock,,PendingReview,https://licenzpol.it/it/product/autocad-revit-lt/,,,Licenzpol,DIGITALSOFT DI MUNSHI SHIHAB,False
windows-sql-server-2019-enterprise-cals-incluse,WINDOWS SQL SERVER 2019 ENTERPRISE - CALS INCLUSE,LP-3AB5F402F3,LP-3AB5F402F3,MF382E,MF382E,assignment_unverified,Microsoft,Microsoft SQL Server,0659556469986,assignment_unverified,valid,199,EUR,InStock,,PendingReview,https://licenzpol.it/it/product/windows-sql-server-2019-enterprise-cals-incluse/,,,Licenzpol,DIGITALSOFT DI MUNSHI SHIHAB,False
visual-studio-2019-professional,MICROSOFT VISUAL STUDIO 2019 PROFESSIONAL,LP-BC9FD11087,LP-BC9FD11087,A8HP74,A8HP74,assignment_unverified,Microsoft,Microsoft Visual Studio,0889842465570,assignment_unverified,valid,19.9,EUR,InStock,,PendingReview,https://licenzpol.it/it/product/visual-studio-2019-professional/,,,Licenzpol,DIGITALSOFT DI MUNSHI SHIHAB,False
microsoft-visual-studio-2019-enterprise,MICROSOFT VISUAL STUDIO 2019 ENTERPRISE,LP-49E7A48B61,LP-49E7A48B61,VF047S,VF047S,assignment_unverified,Microsoft,Microsoft Visual Studio,0787976989705,assignment_unverified,valid,29.9,EUR,InStock,,PendingReview,https://licenzpol.it/it/product/microsoft-visual-studio-2019-enterprise/,,,Licenzpol,DIGITALSOFT DI MUNSHI SHIHAB,False
bitdefender-antivirus-plus-5-pc-1-anno,BITDEFENDER ANTIVIRUS PLUS - 5 PC 2025 - 1 Anno,LP-4658127DB8,LP-4658127DB8,MK034E,MK034E,assignment_unverified,Bitdender,Bitdefender,7446941441442,assignment_unverified,valid,69.99,EUR,InStock,,PendingReview,https://licenzpol.it/it/product/bitdefender-antivirus-plus-5-pc-1-anno/,,,Licenzpol,DIGITALSOFT DI MUNSHI SHIHAB,False
bitdefender-antivirus-plus-3-pc-1-anno,BITDEFENDER ANTIVIRUS PLUS 2025 - 3 PC - 1 Anno,LP-3DB860281B,LP-3DB860281B,XL028C,XL028C,assignment_unverified,Bitdender,Bitdefender,7446935432463,assignment_unverified,valid,54.99,EUR,InStock,,PendingReview,https://licenzpol.it/it/product/bitdefender-antivirus-plus-3-pc-1-anno/,,,Licenzpol,DIGITALSOFT DI MUNSHI SHIHAB,False
bitdefender-antivirus-plus-1-pc-1-anno,BITDEFENDER ANTIVIRUS PLUS 2025 - 1 PC - 1 Anno,LP-33681D89CA,LP-33681D89CA,V934AZ,V934AZ,assignment_unverified,Bitdender,Bitdefender,7446950783748,assignment_unverified,valid,44.99,EUR,InStock,,PendingReview,https://licenzpol.it/it/product/bitdefender-antivirus-plus-1-pc-1-anno/,,,Licenzpol,DIGITALSOFT DI MUNSHI SHIHAB,False
bitdefender-total-security-vpn-premium-licenza-10-dispositivi-1-anno,BITDEFENDER TOTAL SECURITY 2025 + VPN 10 disposit. - 1 Anno,LP-B52AA43ABE,LP-B52AA43ABE,45IS5D,45IS5D,assignment_unverified,Bitdender,Bitdefender,7446940854823,assignment_unverified,valid,154.99,EUR,InStock,,PendingReview,https://licenzpol.it/it/product/bitdefender-total-security-vpn-premium-licenza-10-dispositivi-1-anno/,,,Licenzpol,DIGITALSOFT DI MUNSHI SHIHAB,False
bitdefender-total-security-vpn-premium-licenza-5-dispositivi-1-anno,BITDEFENDER TOTAL SECURITY 2025 + VPN 5 dispositivi - 1 Anno,LP-FD5012A571,LP-FD5012A571,V594SK,V594SK,assignment_unverified,Bitdender,Bitdefender,7446945444470,assignment_unverified,valid,134.99,EUR,InStock,,PendingReview,https://licenzpol.it/it/product/bitdefender-total-security-vpn-premium-licenza-5-dispositivi-1-anno/,,,Licenzpol,DIGITALSOFT DI MUNSHI SHIHAB,False
bitdefender-total-security-vpn-premium-licenza-3-dispositivi-1-anno,BITDEFENDER TOTAL SECURITY 2025 + VPN 3 dispositivi 1 Anno,LP-ABC8C34B50,LP-ABC8C34B50,305CKR,305CKR,assignment_unverified,Bitdender,Bitdefender,7446942333326,assignment_unverified,valid,124.99,EUR,InStock,,PendingReview,https://licenzpol.it/it/product/bitdefender-total-security-vpn-premium-licenza-3-dispositivi-1-anno/,,,Licenzpol,DIGITALSOFT DI MUNSHI SHIHAB,False
bitdefender-total-security-licenza-10-dispositivi-1-anno,BITDEFENDER TOTAL SECURITY 2025 10 dispositivi - 1 Anno,LP-E36877D5E0,LP-E36877D5E0,894GBK,894GBK,assignment_unverified,Bitdender,Bitdefender,7446939051035,assignment_unverified,valid,84.99,EUR,InStock,,PendingReview,https://licenzpol.it/it/product/bitdefender-total-security-licenza-10-dispositivi-1-anno/,,,Licenzpol,DIGITALSOFT DI MUNSHI SHIHAB,False
bitdefender-total-security-licenza-5-dispositivi-1-anno,BITDEFENDER TOTAL SECURITY 2025 5 dispositivi - 1 Anno,LP-114547D492,LP-114547D492,04GKW7,04GKW7,assignment_unverified,Bitdender,Bitdefender,7446947034020,assignment_unverified,valid,94.99,EUR,InStock,,PendingReview,https://licenzpol.it/it/product/bitdefender-total-security-licenza-5-dispositivi-1-anno/,,,Licenzpol,DIGITALSOFT DI MUNSHI SHIHAB,False
bitdefender-total-security-licenza-3-dispositivi-1-anno,BITDEFENDER TOTAL SECURITY 2025 - Licenza - 3 disp. - 1 Anno,LP-24E0D3403E,LP-24E0D3403E,VD840X,VD840X,assignment_unverified,Bitdender,Bitdefender,7446935173175,assignment_unverified,valid,84.99,EUR,InStock,,PendingReview,https://licenzpol.it/it/product/bitdefender-total-security-licenza-3-dispositivi-1-anno/,,,Licenzpol,DIGITALSOFT DI MUNSHI SHIHAB,False
bitdefender-internet-security-licenza-5-pc-1-anno,BITDEFENDER INTERNET SECURITY 2025 - Licenza - 5 PC - 1 Anno,LP-55C835ED67,LP-55C835ED67,S48TA1,S48TA1,assignment_unverified,Bitdender,Bitdefender,7446952029080,assignment_unverified,valid,79.99,EUR,InStock,,PendingReview,https://licenzpol.it/it/product/bitdefender-internet-security-licenza-5-pc-1-anno/,,,Licenzpol,DIGITALSOFT DI MUNSHI SHIHAB,False
bitdefender-internet-security-licenza-3-pc-1-anno,BITDEFENDER INTERNET SECURITY 2025 - Licenza - 3 PC - 1 Anno,LP-EED46A6500,LP-EED46A6500,9D3F9L,9D3F9L,assignment_unverified,Bitdender,Bitdefender,7446936233274,assignment_unverified,valid,74.99,EUR,InStock,,PendingReview,https://licenzpol.it/it/product/bitdefender-internet-security-licenza-3-pc-1-anno/,,,Licenzpol,DIGITALSOFT DI MUNSHI SHIHAB,False
bitdefender-internet-security-licenza-1-pc-1-anno,BITDEFENDER INTERNET SECURITY 2025 - Licenza - 1 PC - 1 Anno,LP-B3AAD2ECEC,LP-B3AAD2ECEC,1CV0P6,1CV0P6,assignment_unverified,Bitdender,Bitdefender,7446940872872,assignment_unverified,valid,64.99,EUR,InStock,,PendingReview,https://licenzpol.it/it/product/bitdefender-internet-security-licenza-1-pc-1-anno/,,,Licenzpol,DIGITALSOFT DI MUNSHI SHIHAB,False
bitdefender-small-office-security-5-dispositivi-1-anno,BITDEFENDER SMALL OFFICE SECURITY 2025 - 5 dispos. - 1 Anno,LP-11AC437C33,LP-11AC437C33,D033WS,D033WS,assignment_unverified,Bitdender,Bitdefender,7446947927995,assignment_unverified,valid,104.99,EUR,InStock,,PendingReview,https://licenzpol.it/it/product/bitdefender-small-office-security-5-dispositivi-1-anno/,,,Licenzpol,DIGITALSOFT DI MUNSHI SHIHAB,False
bitdefender-small-office-security-10-dispositivi-1-anno,BITDEFENDER SMALL OFFICE SECURITY 2025 - 10 dispos. - 1 Anno,LP-D35F93F85E,LP-D35F93F85E,9FW04K,9FW04K,assignment_unverified,Bitdender,Bitdefender,7446943642632,assignment_unverified,valid,144.99,EUR,InStock,,PendingReview,https://licenzpol.it/it/product/bitdefender-small-office-security-10-dispositivi-1-anno/,,,Licenzpol,DIGITALSOFT DI MUNSHI SHIHAB,False
bitdefender-small-office-security-20-dispositivi-1-anno,BITDEFENDER SMALL OFFICE SECURITY 2025 - 20 dispos. - 1 Anno,LP-A9D3C43152,LP-A9D3C43152,95GE4S,95GE4S,assignment_unverified,Bitdender,Bitdefender,7446957660684,assignment_unverified,valid,234.99,EUR,InStock,,PendingReview,https://licenzpol.it/it/product/bitdefender-small-office-security-20-dispositivi-1-anno/,,,Licenzpol,DIGITALSOFT DI MUNSHI SHIHAB,False
bitdefender-antivirus-for-mac-1-mac-1-anno,BITDEFENDER ANTIVIRUS FOR MAC 2025 - 1 MAC - 1 Anno,LP-EAE90C32C7,LP-EAE90C32C7,CR34I0,CR34I0,assignment_unverified,Bitdender,Bitdefender,7446936069064,assignment_unverified,valid,54.99,EUR,InStock,,PendingReview,https://licenzpol.it/it/product/bitdefender-antivirus-for-mac-1-mac-1-anno/,,,Licenzpol,DIGITALSOFT DI MUNSHI SHIHAB,False
bitdefender-antivirus-for-mac-3-mac-1-anno,BITDEFENDER ANTIVIRUS FOR MAC 2025 - 3 MAC - 1 Anno,LP-E3B6C01A02,LP-E3B6C01A02,8FJE45,8FJE45,assignment_unverified,Bitdender,Bitdefender,7446942637615,assignment_unverified,valid,74.99,EUR,InStock,,PendingReview,https://licenzpol.it/it/product/bitdefender-antivirus-for-mac-3-mac-1-anno/,,,Licenzpol,DIGITALSOFT DI MUNSHI SHIHAB,False
bitdefender-mobile-security-1-dispositivo-1-anno,BITDEFENDER MOBILE SECURITY 2025 - 3 dispositivi - 1 Anno,LP-A85FF3A889,LP-A85FF3A889,R9TF09,R9TF09,assignment_unverified,Bitdender,Bitdefender,7446954539549,assignment_unverified,valid,29.99,EUR,InStock,,PendingReview,https://licenzpol.it/it/product/bitdefender-mobile-security-1-dispositivo-1-anno/,,,Licenzpol,DIGITALSOFT DI MUNSHI SHIHAB,False
sharepoint-server-2016-standard,Microsoft Sharepoint Server 2016 Standard,LP-0BDE7B196D,LP-0BDE7B196D,CKW029,CKW029,assignment_unverified,Microsoft,Microsoft Share Point,0760947037322,assignment_unverified,valid,24.5,EUR,InStock,,PendingReview,https://licenzpol.it/it/product/sharepoint-server-2016-standard/,,,Licenzpol,DIGITALSOFT DI MUNSHI SHIHAB,False
microsoft-sharepoint-server-2019-standard,Microsoft Sharepoint Server 2019 Standard,LP-457FD3AC13,LP-457FD3AC13,8WF30X,8WF30X,assignment_unverified,Microsoft,Microsoft Share Point,7446935721734,assignment_unverified,valid,49.5,EUR,InStock,,PendingReview,https://licenzpol.it/it/product/microsoft-sharepoint-server-2019-standard/,,,Licenzpol,DIGITALSOFT DI MUNSHI SHIHAB,False
microsoft-sharepoint-server-2016-enterprise,Microsoft Sharepoint Server 2016 Enterprise,LP-C5FCFB5B4C,LP-C5FCFB5B4C,3IFE40,3IFE40,assignment_unverified,Microsoft,Microsoft Share Point,7446934472446,assignment_unverified,valid,39.5,EUR,InStock,,PendingReview,https://licenzpol.it/it/product/microsoft-sharepoint-server-2016-enterprise/,,,Licenzpol,DIGITALSOFT DI MUNSHI SHIHAB,False
microsoft-sharepoint-server-2016-enterprise-312,Microsoft Sharepoint Server 2019 Enterprise,LP-B47302E8FA,LP-B47302E8FA,DS05R4,DS05R4,assignment_unverified,Microsoft,Microsoft Share Point,7446935883814,assignment_unverified,valid,74.5,EUR,InStock,,PendingReview,https://licenzpol.it/it/product/microsoft-sharepoint-server-2016-enterprise-312/,,,Licenzpol,DIGITALSOFT DI MUNSHI SHIHAB,False
corelcad-2020,COREL DRAW - CORELCAD 2020,LP-CCBD3F0603,LP-CCBD3F0603,94JFW3,94JFW3,assignment_unverified,Corel Draw,COREL,7446951265205,assignment_unverified,valid,199,EUR,InStock,,PendingReview,https://licenzpol.it/it/product/corelcad-2020/,,,Licenzpol,DIGITALSOFT DI MUNSHI SHIHAB,False
microsoft-windows-11-professional,MICROSOFT WINDOWS 11 PROFESSIONAL,LP-E18A63310E,LP-E18A63310E,W11PR11,W11PR11,assignment_unverified,Microsoft,Microsoft Windows 11,0889842905892,assignment_unverified,valid,9.9,EUR,InStock,,PendingReview,https://licenzpol.it/it/product/microsoft-windows-11-professional/,,,Licenzpol,DIGITALSOFT DI MUNSHI SHIHAB,False
microsoft-windows-11-home,Microsoft Windows 11 Home,LP-EB0F2F2081,LP-EB0F2F2081,WIN111,WIN111,assignment_unverified,Microsoft,Microsoft Windows 11,0889842905267,assignment_unverified,valid,9.9,EUR,InStock,,PendingReview,https://licenzpol.it/it/product/microsoft-windows-11-home/,,,Licenzpol,DIGITALSOFT DI MUNSHI SHIHAB,False
microsoft-windows-11-enterprise,MICROSOFT WINDOWS 11 ENTERPRISE,LP-2651C6AC17,LP-2651C6AC17,WI11E1,WI11E1,assignment_unverified,Microsoft,Microsoft Windows 11,0889842906288,assignment_unverified,valid,14.9,EUR,InStock,,PendingReview,https://licenzpol.it/it/product/microsoft-windows-11-enterprise/,,,Licenzpol,DIGITALSOFT DI MUNSHI SHIHAB,False
microsoft-office-2021-professional-plus,MICROSOFT OFFICE 2021 PROFESSIONAL PLUS (WINDOWS),LP-7176FC4DE0,LP-7176FC4DE0,956TRE,956TRE,assignment_unverified,Microsoft,Microsoft Office 2021,0889842853155,assignment_unverified,valid,14.9,EUR,InStock,,PendingReview,https://licenzpol.it/it/product/microsoft-office-2021-professional-plus/,,,Licenzpol,DIGITALSOFT DI MUNSHI SHIHAB,False
microsoft-office-2021-home-business-mac,MICROSOFT OFFICE 2021 HOME &amp; BUSINESS (MAC),LP-95E5553CD3,LP-95E5553CD3,DH534F,DH534F,assignment_unverified,Microsoft,Microsoft Office 2021,0889842853001,assignment_unverified,valid,24.9,EUR,InStock,,PendingReview,https://licenzpol.it/it/product/microsoft-office-2021-home-business-mac/,,,Licenzpol,DIGITALSOFT DI MUNSHI SHIHAB,False
microsoft-office-2021-home-and-business-windows,MICROSOFT OFFICE 2021 HOME AND BUSINESS (WINDOWS),LP-1DE0FF13A1,LP-1DE0FF13A1,OFB435,OFB435,assignment_unverified,Microsoft,Microsoft Office 2021,4251755677283,duplicate_conflict,valid,34.5,EUR,InStock,,PendingReview,https://licenzpol.it/it/product/microsoft-office-2021-home-and-business-windows/,,,Licenzpol,DIGITALSOFT DI MUNSHI SHIHAB,False
microsoft-office-2021-home-and-student-mac,MICROSOFT OFFICE 2021 HOME AND STUDENT (MAC),LP-B4A6224DCC,LP-B4A6224DCC,AGF546,AGF546,assignment_unverified,Microsoft,Microsoft Office 2021,4251755677290,assignment_unverified,valid,34.5,EUR,InStock,,PendingReview,https://licenzpol.it/it/product/microsoft-office-2021-home-and-student-mac/,,,Licenzpol,DIGITALSOFT DI MUNSHI SHIHAB,False
microsoft-office-2021-home-and-student-windows,MICROSOFT OFFICE 2021 HOME AND STUDENT (WINDOWS),LP-3C765C1F49,LP-3C765C1F49,9IF4D6,9IF4D6,assignment_unverified,Microsoft,Microsoft Office 2021,0889842854756,assignment_unverified,valid,33.5,EUR,InStock,,PendingReview,https://licenzpol.it/it/product/microsoft-office-2021-home-and-student-windows/,,,Licenzpol,DIGITALSOFT DI MUNSHI SHIHAB,False
microsoft-word-2021-windows,MICROSOFT WORD 2021 (WINDOWS),LP-4B6C700738,LP-4B6C700738,W11W01,W11W01,assignment_unverified,Microsoft,Microsoft Word,0735416693163,assignment_unverified,valid,19.9,EUR,InStock,,PendingReview,https://licenzpol.it/it/product/microsoft-word-2021-windows/,,,Licenzpol,DIGITALSOFT DI MUNSHI SHIHAB,False
microsoft-word-2021-mac,Microsoft Word 2021 per Mac,LP-9470D2D71D,LP-9470D2D71D,WMC221,WMC221,assignment_unverified,Microsoft,Microsoft Word,0659556773373,assignment_unverified,valid,22.9,EUR,InStock,,PendingReview,https://licenzpol.it/it/product/microsoft-word-2021-mac/,,,Licenzpol,DIGITALSOFT DI MUNSHI SHIHAB,False
microsoft-excel-2021-windows,MICROSOFT EXCEL 2021 (WINDOWS),LP-901AE9D70D,LP-901AE9D70D,E21DR4,E21DR4,assignment_unverified,Microsoft,Microsoft Excel,0659556773540,assignment_unverified,valid,22.9,EUR,InStock,,PendingReview,https://licenzpol.it/it/product/microsoft-excel-2021-windows/,,,Licenzpol,DIGITALSOFT DI MUNSHI SHIHAB,False
microsoft-excel-2021-mac,Microsoft Excel 2021 per Mac,LP-533FF228F1,LP-533FF228F1,EMC021,EMC021,assignment_unverified,Microsoft,Microsoft Excel,0659556774080,assignment_unverified,valid,22.9,EUR,InStock,,PendingReview,https://licenzpol.it/it/product/microsoft-excel-2021-mac/,,,Licenzpol,DIGITALSOFT DI MUNSHI SHIHAB,False
microsoft-project-professional-2021-windows,MICROSOFT PROJECT PROFESSIONAL 2021 (WINDOWS),LP-A7D934F7A7,LP-A7D934F7A7,P21PW0,P21PW0,assignment_unverified,Microsoft,Microsoft Project,0659556955410,assignment_unverified,valid,12.9,EUR,InStock,,PendingReview,https://licenzpol.it/it/product/microsoft-project-professional-2021-windows/,,,Licenzpol,DIGITALSOFT DI MUNSHI SHIHAB,False
microsoft-project-standard-2021-windows,MICROSOFT PROJECT STANDARD 2021 (WINDOWS),LP-DEC15C99B8,LP-DEC15C99B8,PS201W1,PS201W1,assignment_unverified,Microsoft,Microsoft Project,0659556961602,assignment_unverified,valid,34.9,EUR,InStock,,PendingReview,https://licenzpol.it/it/product/microsoft-project-standard-2021-windows/,,,Licenzpol,DIGITALSOFT DI MUNSHI SHIHAB,False
microsoft-visio-standard-2021windows,MICROSOFT VISIO STANDARD 2021(WINDOWS),LP-B78125A1B5,LP-B78125A1B5,254TRD,254TRD,assignment_unverified,Microsoft,Microsoft Visio,0659556831684,assignment_unverified,valid,28.4,EUR,InStock,,PendingReview,https://licenzpol.it/it/product/microsoft-visio-standard-2021windows/,,,Licenzpol,DIGITALSOFT DI MUNSHI SHIHAB,False
microsoft-visio-professional-2021windows,MICROSOFT VISIO PROFESSIONAL 2021(WINDOWS),LP-26A4426530,LP-26A4426530,VS213R,VS213R,assignment_unverified,Microsoft,Microsoft Visio,0659556771775,assignment_unverified,valid,12.9,EUR,InStock,,PendingReview,https://licenzpol.it/it/product/microsoft-visio-professional-2021windows/,,,Licenzpol,DIGITALSOFT DI MUNSHI SHIHAB,False
microsoft-server-2022-standard,MICROSOFT  SERVER 2022 STANDARD,LP-5AAE147E0B,LP-5AAE147E0B,SRV222,SRV222,assignment_unverified,Microsoft,Microsoft Windows Server 2022,0889842769906,assignment_unverified,valid,29,EUR,InStock,,PendingReview,https://licenzpol.it/it/product/microsoft-server-2022-standard/,,,Licenzpol,DIGITALSOFT DI MUNSHI SHIHAB,False
microsoft-server-2022-datacenter,MICROSOFT SERVER 2022 DATACENTER,LP-C71C4F92BC,LP-C71C4F92BC,WSD222,WSD222,assignment_unverified,Microsoft,Microsoft Windows Server 2022,0889842768985,assignment_unverified,valid,39,EUR,InStock,,PendingReview,https://licenzpol.it/it/product/microsoft-server-2022-datacenter/,,,Licenzpol,DIGITALSOFT DI MUNSHI SHIHAB,False
windows-server-2022-10-user-cals,WINDOWS SERVER 2022 - 10 USER CALS,LP-0471485EE7,LP-0471485EE7,S22UC1,S22UC1,assignment_unverified,Microsoft,Microsoft Windows Server 2022,0889842771930,assignment_unverified,valid,69,EUR,InStock,,PendingReview,https://licenzpol.it/it/product/windows-server-2022-10-user-cals/,,,Licenzpol,DIGITALSOFT DI MUNSHI SHIHAB,False
windows-server-2022-10-device-cals,WINDOWS SERVER 2022 - 10 DEVICE CALS,LP-A0CEC3CE07,LP-A0CEC3CE07,JIF657,JIF657,assignment_unverified,Microsoft,Microsoft Windows Server 2022,0889842771756,assignment_unverified,valid,69,EUR,InStock,,PendingReview,https://licenzpol.it/it/product/windows-server-2022-10-device-cals/,,,Licenzpol,DIGITALSOFT DI MUNSHI SHIHAB,False
windows-server-2022-10-rds-user-cals,WINDOWS SERVER 2022 - 10 RDS USER CALS,LP-297AF4D33E,LP-297AF4D33E,IJR445,IJR445,assignment_unverified,Microsoft,Microsoft Windows Server 2022,0787976989859,assignment_unverified,valid,69,EUR,InStock,,PendingReview,https://licenzpol.it/it/product/windows-server-2022-10-rds-user-cals/,,,Licenzpol,DIGITALSOFT DI MUNSHI SHIHAB,False
windows-server-2022-10-rds-device-cals,WINDOWS SERVER 2022 - 10 RDS DEVICE CALS,LP-7AAC8693E5,LP-7AAC8693E5,L5F8G5,L5F8G5,assignment_unverified,Microsoft,Microsoft Windows Server 2022,0889842771558,assignment_unverified,valid,79,EUR,InStock,,PendingReview,https://licenzpol.it/it/product/windows-server-2022-10-rds-device-cals/,,,Licenzpol,DIGITALSOFT DI MUNSHI SHIHAB,False
microsoft-outlook-2019-mac,MICROSOFT OUTLOOK 2019 (MAC),LP-D387605AF5,LP-D387605AF5,OTL219,OTL219,assignment_unverified,Microsoft,Microsoft Office Outlook,0885370991147,assignment_unverified,valid,14.99,EUR,InStock,,PendingReview,https://licenzpol.it/it/product/microsoft-outlook-2019-mac/,,,Licenzpol,DIGITALSOFT DI MUNSHI SHIHAB,False
microsoft-word-2019-mac,MICROSOFT WORD 2019 (MAC),LP-CB03923EB6,LP-CB03923EB6,WOR2119,WOR2119,assignment_unverified,Microsoft,Microsoft Word,0760947037827,duplicate_conflict,valid,14.9,EUR,InStock,,PendingReview,https://licenzpol.it/it/product/microsoft-word-2019-mac/,,,Licenzpol,DIGITALSOFT DI MUNSHI SHIHAB,False
microsoft-excel-2019-mac,MICROSOFT EXCEL 2019 (MAC),LP-0624F21A2A,LP-0624F21A2A,EXC219,EXC219,assignment_unverified,Microsoft,Microsoft Excel,0659556838188,assignment_unverified,valid,14.9,EUR,InStock,,PendingReview,https://licenzpol.it/it/product/microsoft-excel-2019-mac/,,,Licenzpol,DIGITALSOFT DI MUNSHI SHIHAB,False
microsoft-powerpoint-2019-mac,MICROSOFT POWERPOINT 2019 (MAC),LP-50937922FA,LP-50937922FA,PWT219,PWT219,assignment_unverified,Microsoft,Microsoft Powerpoint,0760947037834,assignment_unverified,valid,14.9,EUR,InStock,,PendingReview,https://licenzpol.it/it/product/microsoft-powerpoint-2019-mac/,,,Licenzpol,DIGITALSOFT DI MUNSHI SHIHAB,False
microsoft-word-2019-windows,MICROSOFT WORD 2019 (WINDOWS),LP-0E5C2ABAF2,LP-0E5C2ABAF2,T5Y43U,T5Y43U,assignment_unverified,Microsoft,Microsoft Word,0760947037827,duplicate_conflict,valid,14.9,EUR,InStock,,PendingReview,https://licenzpol.it/it/product/microsoft-word-2019-windows/,,,Licenzpol,DIGITALSOFT DI MUNSHI SHIHAB,False
microsoft-excel-2019-windows,MICROSOFT EXCEL 2019 (WINDOWS),LP-229BD61B35,LP-229BD61B35,CA23T8,CA23T8,assignment_unverified,Microsoft,Microsoft Excel,0760947037841,assignment_unverified,valid,14.9,EUR,InStock,,PendingReview,https://licenzpol.it/it/product/microsoft-excel-2019-windows/,,,Licenzpol,DIGITALSOFT DI MUNSHI SHIHAB,False
microsoft-powerpoint-2021-windows,MICROSOFT POWERPOINT 2021 (WINDOWS),LP-CE75E048BA,LP-CE75E048BA,PWP221,PWP221,assignment_unverified,Microsoft,Microsoft Powerpoint,4251755677283,duplicate_conflict,valid,22.9,EUR,InStock,,PendingReview,https://licenzpol.it/it/product/microsoft-powerpoint-2021-windows/,,,Licenzpol,DIGITALSOFT DI MUNSHI SHIHAB,False
microsoft-powerpoint-2021-mac,MICROSOFT POWERPOINT 2021 (MAC),LP-DCA98FEC2D,LP-DCA98FEC2D,PWM021,PWM021,assignment_unverified,Microsoft,Microsoft Powerpoint,0889842822571,assignment_unverified,valid,22.9,EUR,InStock,,PendingReview,https://licenzpol.it/it/product/microsoft-powerpoint-2021-mac/,,,Licenzpol,DIGITALSOFT DI MUNSHI SHIHAB,False
adobe-acrobat-pro-dc-2022,ADOBE ACROBAT PRO DC 2022,LP-100C93DC6A,LP-100C93DC6A,D5F8T0,D5F8T0,assignment_unverified,Adobe,ADOBE,4260518143941,duplicate_conflict,valid,19.99,EUR,InStock,,PendingReview,https://licenzpol.it/it/product/adobe-acrobat-pro-dc-2022/,,,Licenzpol,DIGITALSOFT DI MUNSHI SHIHAB,False
adobe-photoshop-2022,ADOBE PHOTOSHOP 2022,LP-8CDDD0472E,LP-8CDDD0472E,U5LP89,U5LP89,assignment_unverified,Adobe,ADOBE,5051254657088,assignment_unverified,valid,17.99,EUR,InStock,,PendingReview,https://licenzpol.it/it/product/adobe-photoshop-2022/,,,Licenzpol,DIGITALSOFT DI MUNSHI SHIHAB,False
adobe-lightroom-classic-2022,ADOBE LIGHTROOM CLASSIC 2022,LP-7B609B9A3D,LP-7B609B9A3D,89EU7I,89EU7I,assignment_unverified,Adobe,ADOBE,4019631312921,assignment_unverified,valid,19.99,EUR,InStock,,PendingReview,https://licenzpol.it/it/product/adobe-lightroom-classic-2022/,,,Licenzpol,DIGITALSOFT DI MUNSHI SHIHAB,False
adobe-premiere-2022,ADOBE PREMIERE 2022 (WINDOWS),LP-A7484774CB,LP-A7484774CB,P8B3D5,P8B3D5,assignment_unverified,Adobe,ADOBE,0883919279701,assignment_unverified,valid,24.99,EUR,InStock,,PendingReview,https://licenzpol.it/it/product/adobe-premiere-2022/,,,Licenzpol,DIGITALSOFT DI MUNSHI SHIHAB,False
adobe-illustrator-2022,ADOBE ILLUSTRATOR 2022,LP-C6AF0D969D,LP-C6AF0D969D,T1D8M4,T1D8M4,assignment_unverified,Adobe,ADOBE,5051254365501,assignment_unverified,valid,24.99,EUR,InStock,,PendingReview,https://licenzpol.it/it/product/adobe-illustrator-2022/,,,Licenzpol,DIGITALSOFT DI MUNSHI SHIHAB,False
adobe-after-effects-2022,ADOBE AFTER EFFECTS 2022,LP-0466953156,LP-0466953156,78HD9V,78HD9V,assignment_unverified,Adobe,ADOBE,0785342741315,assignment_unverified,valid,24.99,EUR,InStock,,PendingReview,https://licenzpol.it/it/product/adobe-after-effects-2022/,,,Licenzpol,DIGITALSOFT DI MUNSHI SHIHAB,False
adobe-indesign-2022,ADOBE INDESIGN 2022 (WINDOWS),LP-1CA169FA6E,LP-1CA169FA6E,QK40N5,QK40N5,assignment_unverified,Adobe,ADOBE,5051254389415,assignment_unverified,valid,24.99,EUR,InStock,,PendingReview,https://licenzpol.it/it/product/adobe-indesign-2022/,,,Licenzpol,DIGITALSOFT DI MUNSHI SHIHAB,False
adobe-xd-2022,ADOBE XD 2022 (WINDOWS),LP-B7F0B039D7,LP-B7F0B039D7,U3NH87,U3NH87,assignment_unverified,Adobe,ADOBE,6011429035065,assignment_unverified,valid,19.99,EUR,InStock,,PendingReview,https://licenzpol.it/it/product/adobe-xd-2022/,,,Licenzpol,DIGITALSOFT DI MUNSHI SHIHAB,False
autocad-2022,AUTOCAD 2022,LP-92D232B0F0,LP-92D232B0F0,YL57V8,YL57V8,assignment_unverified,Autodesk,AUTODESK,8780000160370,assignment_unverified,valid,49.9,EUR,InStock,,PendingReview,https://licenzpol.it/it/product/autocad-2022/,,,Licenzpol,DIGITALSOFT DI MUNSHI SHIHAB,False
autocad-lt-2022,AUTOCAD LT 2022,LP-3694C9BFD8,LP-3694C9BFD8,AU22C0,AU22C0,assignment_unverified,Autodesk,AUTODESK,0060612357237,assignment_unverified,valid,18.9,EUR,InStock,,PendingReview,https://licenzpol.it/it/product/autocad-lt-2022/,,,Licenzpol,DIGITALSOFT DI MUNSHI SHIHAB,False
adobe-pack-2022,ADOBE PACK 2022 (WINDOWS),LP-EDE4E6578A,LP-EDE4E6578A,CI932O,CI932O,assignment_unverified,Adobe,ADOBE,0883919264905,assignment_unverified,valid,29.5,EUR,InStock,,PendingReview,https://licenzpol.it/it/product/adobe-pack-2022/,,,Licenzpol,DIGITALSOFT DI MUNSHI SHIHAB,False
microsoft-visual-studio-2022-professional,MICROSOFT VISUAL STUDIO 2022 PROFESSIONAL,LP-5F0E1FA441,LP-5F0E1FA441,8SR2I6,8SR2I6,assignment_unverified,Microsoft,Microsoft Visual Studio,0889842947489,assignment_unverified,valid,14.3,EUR,InStock,,PendingReview,https://licenzpol.it/it/product/microsoft-visual-studio-2022-professional/,,,Licenzpol,DIGITALSOFT DI MUNSHI SHIHAB,False
microsoft-windows-10-enterprise-ltsc-2021,MICROSOFT WINDOWS 10 ENTERPRISE LTSC 2021,LP-66C37AFE8C,LP-66C37AFE8C,LTS221,LTS221,assignment_unverified,Microsoft,Microsoft Windows 10,0787976990183,assignment_unverified,valid,14.9,EUR,InStock,,PendingReview,https://licenzpol.it/it/product/microsoft-windows-10-enterprise-ltsc-2021/,,,Licenzpol,DIGITALSOFT DI MUNSHI SHIHAB,False
coreldraw-graphics-suite-2023-mac,CORELDRAW GRAPHICS SUITE 2023 (MAC),LP-50AEA2C3BA,LP-50AEA2C3BA,M6K2P5,M6K2P5,assignment_unverified,Corel Draw,Home,0735163165371,assignment_unverified,valid,69,EUR,InStock,,PendingReview,https://licenzpol.it/it/product/coreldraw-graphics-suite-2023-mac/,,,Licenzpol,DIGITALSOFT DI MUNSHI SHIHAB,False
autocad-2023,AUTOCAD 2023,LP-1582A9EB6B,LP-1582A9EB6B,5K8M2M,5K8M2M,assignment_unverified,Autodesk,AUTODESK,0606122528677,assignment_unverified,valid,57.4,EUR,InStock,,PendingReview,https://licenzpol.it/it/product/autocad-2023/,,,Licenzpol,DIGITALSOFT DI MUNSHI SHIHAB,False
autocad-lt-2023,AUTOCAD LT 2023,LP-BC2A3A96A8,LP-BC2A3A96A8,1E5R6N,1E5R6N,assignment_unverified,Autodesk,AUTODESK,8218804324693,assignment_unverified,valid,34.5,EUR,InStock,,PendingReview,https://licenzpol.it/it/product/autocad-lt-2023/,,,Licenzpol,DIGITALSOFT DI MUNSHI SHIHAB,False
autocad-2024,AUTOCAD 2024,LP-36B4506C24,LP-36B4506C24,224CAD,224CAD,assignment_unverified,Autodesk,AUTODESK,0606122803552,assignment_unverified,valid,85.4,EUR,InStock,,PendingReview,https://licenzpol.it/it/product/autocad-2024/,,,Licenzpol,DIGITALSOFT DI MUNSHI SHIHAB,False
autocad-lt-2024,AUTOCAD LT 2024,LP-AFE7C1A36A,LP-AFE7C1A36A,9T8G6M,9T8G6M,assignment_unverified,Autodesk,AUTODESK,3540260057439,assignment_unverified,valid,45,EUR,InStock,,PendingReview,https://licenzpol.it/it/product/autocad-lt-2024/,,,Licenzpol,DIGITALSOFT DI MUNSHI SHIHAB,False
autocad-revit-lt-suite-2024,AUTOCAD REVIT LT SUITE 2024,LP-E4CB85CCB2,LP-E4CB85CCB2,C4R2F5,C4R2F5,assignment_unverified,Autodesk,AUTODESK,093988705470,assignment_unverified,valid,89.5,EUR,InStock,,PendingReview,https://licenzpol.it/it/product/autocad-revit-lt-suite-2024/,,,Licenzpol,DIGITALSOFT DI MUNSHI SHIHAB,False
autocad-revit-2023,AUTOCAD REVIT 2023,LP-55F5EC1C70,LP-55F5EC1C70,255ERM,255ERM,assignment_unverified,Autodesk,AUTODESK,0606122531875,assignment_unverified,valid,77.5,EUR,InStock,,PendingReview,https://licenzpol.it/it/product/autocad-revit-2023/,,,Licenzpol,DIGITALSOFT DI MUNSHI SHIHAB,False
autodesk-inventor-2023,AUTODESK INVENTOR 2023,LP-CE34330C32,LP-CE34330C32,GL9H22,GL9H22,assignment_unverified,Autodesk,AUTODESK,0606124946349,assignment_unverified,valid,34.5,EUR,InStock,,PendingReview,https://licenzpol.it/it/product/autodesk-inventor-2023/,,,Licenzpol,DIGITALSOFT DI MUNSHI SHIHAB,False
autodesk-3ds-max-2023,AUTODESK 3DS MAX 2023,LP-F7EF4DA30B,LP-F7EF4DA30B,20EM8I,20EM8I,assignment_unverified,Autodesk,AUTODESK,0606125004710,assignment_unverified,valid,34.5,EUR,InStock,,PendingReview,https://licenzpol.it/it/product/autodesk-3ds-max-2023/,,,Licenzpol,DIGITALSOFT DI MUNSHI SHIHAB,False
autodesk-fusion-360-2023,AUTODESK FUSION 360 2023,LP-A3E9823139,LP-A3E9823139,5P86GM,5P86GM,assignment_unverified,Autodesk,AUTODESK,468786164406,duplicate_conflict,valid,,,,,PendingReview,https://licenzpol.it/it/product/autodesk-fusion-360-2023/,,,Licenzpol,DIGITALSOFT DI MUNSHI SHIHAB,False
autodesk-maya-2023,AUTODESK MAYA 2023,LP-3C6A28199D,LP-3C6A28199D,2Y6D8V,2Y6D8V,assignment_unverified,Autodesk,AUTODESK,5707795016463,assignment_unverified,valid,34.5,EUR,InStock,,PendingReview,https://licenzpol.it/it/product/autodesk-maya-2023/,,,Licenzpol,DIGITALSOFT DI MUNSHI SHIHAB,False
autodesk-fusion-360-2023-448,AUTODESK FUSION 360 2023,LP-F8FB79557C,LP-F8FB79557C,5P86GM,5P86GM,assignment_unverified,Autodesk,AUTODESK,468786164406,duplicate_conflict,valid,46.9,EUR,InStock,,PendingReview,https://licenzpol.it/it/product/autodesk-fusion-360-2023-448/,,,Licenzpol,DIGITALSOFT DI MUNSHI SHIHAB,False
autodesk-advance-steel-2023,AUTODESK ADVANCE STEEL 2023,LP-00AD9E4203,LP-00AD9E4203,PL33M2,PL33M2,assignment_unverified,Autodesk,AUTODESK,9798649477635,assignment_unverified,valid,34.5,EUR,InStock,,PendingReview,https://licenzpol.it/it/product/autodesk-advance-steel-2023/,,,Licenzpol,DIGITALSOFT DI MUNSHI SHIHAB,False
autodesk-autocad-mechanical-2023,AUTODESK AUTOCAD MECHANICAL 2023,LP-C01193FD1B,LP-C01193FD1B,MC65G8,MC65G8,assignment_unverified,Autodesk,AUTODESK,,missing,missing,19.9,EUR,InStock,,PendingReview,https://licenzpol.it/it/product/autodesk-autocad-mechanical-2023/,,,Licenzpol,DIGITALSOFT DI MUNSHI SHIHAB,False
adobe-photoshop-2023,ADOBE PHOTOSHOP 2023,LP-7A4D74F654,LP-7A4D74F654,08PL3O,08PL3O,assignment_unverified,Adobe,ADOBE,883919284989,assignment_unverified,valid,22.9,EUR,InStock,,PendingReview,https://licenzpol.it/it/product/adobe-photoshop-2023/,,,Licenzpol,DIGITALSOFT DI MUNSHI SHIHAB,False
adobe-acrobat-pro-dc-2023,ADOBE ACROBAT PRO DC 2023,LP-8915BFE15C,LP-8915BFE15C,5BL9N6,5BL9N6,assignment_unverified,Adobe,ADOBE,4260518143941,duplicate_conflict,valid,34.99,EUR,InStock,,PendingReview,https://licenzpol.it/it/product/adobe-acrobat-pro-dc-2023/,,,Licenzpol,DIGITALSOFT DI MUNSHI SHIHAB,False
adobe-lightroom-classic-2023,ADOBE LIGHTROOM CLASSIC 2023,LP-CD8EE6FA5D,LP-CD8EE6FA5D,A1FG92,A1FG92,assignment_unverified,Adobe,ADOBE,4251972914178,assignment_unverified,valid,29.9,EUR,InStock,,PendingReview,https://licenzpol.it/it/product/adobe-lightroom-classic-2023/,,,Licenzpol,DIGITALSOFT DI MUNSHI SHIHAB,False
adobe-premiere-pro-2023,ADOBE PREMIERE PRO 2023,LP-00AE62EF31,LP-00AE62EF31,56JO8P,56JO8P,assignment_unverified,Adobe,ADOBE,883919284798,assignment_unverified,valid,29.99,EUR,InStock,,PendingReview,https://licenzpol.it/it/product/adobe-premiere-pro-2023/,,,Licenzpol,DIGITALSOFT DI MUNSHI SHIHAB,False
adobe-after-effects-2023,ADOBE AFTER EFFECTS 2023,LP-B49670CF98,LP-B49670CF98,88HG9L,88HG9L,assignment_unverified,Adobe,ADOBE,1230005926350,assignment_unverified,valid,29.99,EUR,InStock,,PendingReview,https://licenzpol.it/it/product/adobe-after-effects-2023/,,,Licenzpol,DIGITALSOFT DI MUNSHI SHIHAB,False
adobe-indesign-2023,ADOBE INDESIGN 2023,LP-E2565EF2C0,LP-E2565EF2C0,IG5C68,IG5C68,assignment_unverified,Adobe,ADOBE,5029766486274,assignment_unverified,valid,29.99,EUR,InStock,,PendingReview,https://licenzpol.it/it/product/adobe-indesign-2023/,,,Licenzpol,DIGITALSOFT DI MUNSHI SHIHAB,False
windows-11-pro-n,WINDOWS 11 PRO N,LP-7540680FA7,LP-7540680FA7,SO8L22,SO8L22,assignment_unverified,Microsoft,Microsoft Windows 11,0889842965452,duplicate_conflict,valid,9.9,EUR,InStock,,PendingReview,https://licenzpol.it/it/product/windows-11-pro-n/,,,Licenzpol,DIGITALSOFT DI MUNSHI SHIHAB,False
windows-11-education-n,WINDOWS 11 EDUCATION N,LP-9B815B882F,LP-9B815B882F,FM9M75,FM9M75,assignment_unverified,Microsoft,Microsoft Windows 11,8720254950648,assignment_unverified,valid,13.99,EUR,InStock,,PendingReview,https://licenzpol.it/it/product/windows-11-education-n/,,,Licenzpol,DIGITALSOFT DI MUNSHI SHIHAB,False
windows-11-pro-for-workstation,WINDOWS 11 Pro for Workstation,LP-C0D11A5D3E,LP-C0D11A5D3E,WI0S88,WI0S88,assignment_unverified,Microsoft,Microsoft Windows 11,889842906127,assignment_unverified,valid,24.5,EUR,InStock,,PendingReview,https://licenzpol.it/it/product/windows-11-pro-for-workstation/,,,Licenzpol,DIGITALSOFT DI MUNSHI SHIHAB,False
windows-11-education,WINDOWS 11 EDUCATION,LP-6299E98696,LP-6299E98696,WED115,WED115,assignment_unverified,Microsoft,Microsoft Windows 11,787976989965,assignment_unverified,valid,12.5,EUR,InStock,,PendingReview,https://licenzpol.it/it/product/windows-11-education/,,,Licenzpol,DIGITALSOFT DI MUNSHI SHIHAB,False
windows-11-enterprise-n,WINDOWS 11 ENTERPRISE N,LP-3B9ADBC5AB,LP-3B9ADBC5AB,ES89I4,ES89I4,assignment_unverified,Microsoft,Microsoft Windows 11,8720254950624,assignment_unverified,valid,29.95,EUR,InStock,,PendingReview,https://licenzpol.it/it/product/windows-11-enterprise-n/,,,Licenzpol,DIGITALSOFT DI MUNSHI SHIHAB,False
windows-11-pro-n-for-workstation,WINDOWS 11 Pro N for Workstation,LP-F9D2602E27,LP-F9D2602E27,WS89T6,WS89T6,assignment_unverified,Microsoft,Microsoft Windows 11,0889842965452,duplicate_conflict,valid,29.5,EUR,InStock,,PendingReview,https://licenzpol.it/it/product/windows-11-pro-n-for-workstation/,,,Licenzpol,DIGITALSOFT DI MUNSHI SHIHAB,False
windows-10-s,Windows 10 S,LP-2762D5C81A,LP-2762D5C81A,WS10S2,WS10S2,assignment_unverified,Microsoft,Microsoft Windows 10,0885370938814,assignment_unverified,valid,9.9,EUR,InStock,,PendingReview,https://licenzpol.it/it/product/windows-10-s/,,,Licenzpol,DIGITALSOFT DI MUNSHI SHIHAB,False
windows-10-pro-education,Windows 10 Pro Education,LP-F1E446F068,LP-F1E446F068,10WPE0,10WPE0,assignment_unverified,Microsoft,Microsoft Windows 10,787976989781,duplicate_conflict,valid,9.95,EUR,InStock,,PendingReview,https://licenzpol.it/it/product/windows-10-pro-education/,,,Licenzpol,DIGITALSOFT DI MUNSHI SHIHAB,False
adobe-pack-2023,ADOBE PACK 2023,LP-2898C90EE8,LP-2898C90EE8,23F9HK,23F9HK,assignment_unverified,Adobe,ADOBE,5056143135098,assignment_unverified,valid,54.5,EUR,InStock,,PendingReview,https://licenzpol.it/it/product/adobe-pack-2023/,,,Licenzpol,DIGITALSOFT DI MUNSHI SHIHAB,False
bitdefender-family-pack-2023-15-dispositivi-1-anno,BITDEFENDER FAMILY PACK 2024 - 15 dispositivi - 1 Anno,LP-A54127E999,LP-A54127E999,BIT052,BIT052,assignment_unverified,Bitdender,Bitdefender,812813015030,assignment_unverified,valid,114.99,EUR,InStock,,PendingReview,https://licenzpol.it/it/product/bitdefender-family-pack-2023-15-dispositivi-1-anno/,,,Licenzpol,DIGITALSOFT DI MUNSHI SHIHAB,False
bitdefender-premium-vpn-2023-10-dispositivi-1-anno,BITDEFENDER PREMIUM VPN 2024 - 10 dispositivi - 1 Anno,LP-66CFCF9082,LP-66CFCF9082,GL14V5,GL14V5,assignment_unverified,Bitdender,Bitdefender,812813015306,assignment_unverified,valid,64.99,EUR,InStock,,PendingReview,https://licenzpol.it/it/product/bitdefender-premium-vpn-2023-10-dispositivi-1-anno/,,,Licenzpol,DIGITALSOFT DI MUNSHI SHIHAB,False
windows-10-enterprise-n,Windows 10 Enterprise N,LP-AAC5B93BB8,LP-AAC5B93BB8,526OIL,526OIL,assignment_unverified,Microsoft,Microsoft Windows 10,4058154221136,assignment_unverified,valid,14.5,EUR,InStock,,PendingReview,https://licenzpol.it/it/product/windows-10-enterprise-n/,,,Licenzpol,DIGITALSOFT DI MUNSHI SHIHAB,False
windows-10-enterprise-n-ltsc-2021,Windows 10 Enterprise N LTSC 2021,LP-8EFF795407,LP-8EFF795407,10WPE0,10WPE0,assignment_unverified,Microsoft,Microsoft Windows 10,787976989781,duplicate_conflict,valid,39.5,EUR,InStock,,PendingReview,https://licenzpol.it/it/product/windows-10-enterprise-n-ltsc-2021/,,,Licenzpol,DIGITALSOFT DI MUNSHI SHIHAB,False
windows-10-enterprise-vda,Windows 10 Enterprise VDA,LP-27D3329ACF,LP-27D3329ACF,89WET6,89WET6,assignment_unverified,Microsoft,Microsoft Windows 10,0760947036493,assignment_unverified,valid,49.5,EUR,InStock,,PendingReview,https://licenzpol.it/it/product/windows-10-enterprise-vda/,,,Licenzpol,DIGITALSOFT DI MUNSHI SHIHAB,False
sql-server-2022-standard-cals-incluse,SQL SERVER 2022 STANDARD - CALS INCLUSE,LP-E2E0800F12,LP-E2E0800F12,SQ022S,SQ022S,assignment_unverified,Microsoft,Microsoft SQL Server,8720254950594,assignment_unverified,valid,142.5,EUR,InStock,,PendingReview,https://licenzpol.it/it/product/sql-server-2022-standard-cals-incluse/,,,Licenzpol,DIGITALSOFT DI MUNSHI SHIHAB,False
sql-server-2022-enterprise,SQL SERVER 2022 ENTERPRISE,LP-7072BB37E6,LP-7072BB37E6,SSE220,SSE220,assignment_unverified,Microsoft,Microsoft SQL Server,8720254950525,assignment_unverified,valid,129.9,EUR,InStock,,PendingReview,https://licenzpol.it/it/product/sql-server-2022-enterprise/,,,Licenzpol,DIGITALSOFT DI MUNSHI SHIHAB,False
visual-studio-2022-enterprise,VISUAL STUDIO 2022 ENTERPRISE,LP-6CD3412168,LP-6CD3412168,VS20E2,VS20E2,assignment_unverified,Microsoft,Microsoft Visual Studio,8720938267048,assignment_unverified,valid,14.3,EUR,InStock,,PendingReview,https://licenzpol.it/it/product/visual-studio-2022-enterprise/,,,Licenzpol,DIGITALSOFT DI MUNSHI SHIHAB,False
microsoft-onenote-2021-windows,MICROSOFT ONENOTE 2021 (WINDOWS),LP-AE3095BB4A,LP-AE3095BB4A,ONT210,ONT210,assignment_unverified,Microsoft,Microsoft OneNote,9781867470915,duplicate_conflict,valid,14.5,EUR,InStock,,PendingReview,https://licenzpol.it/it/product/microsoft-onenote-2021-windows/,,,Licenzpol,DIGITALSOFT DI MUNSHI SHIHAB,False
microsoft-onenote-2021-mac,MICROSOFT ONENOTE 2021 (MAC),LP-600DC3DD85,LP-600DC3DD85,TN88P0,TN88P0,assignment_unverified,Microsoft,Microsoft OneNote,9785511610658,assignment_unverified,valid,14.5,EUR,InStock,,PendingReview,https://licenzpol.it/it/product/microsoft-onenote-2021-mac/,,,Licenzpol,DIGITALSOFT DI MUNSHI SHIHAB,False
microsoft-outlook-2021-windows,MICROSOFT OUTLOOK 2021 (WINDOWS),LP-8F4168532B,LP-8F4168532B,MO21K0,MO21K0,assignment_unverified,Microsoft,Microsoft Office Outlook,8720254950051,assignment_unverified,valid,22.9,EUR,InStock,,PendingReview,https://licenzpol.it/it/product/microsoft-outlook-2021-windows/,,,Licenzpol,DIGITALSOFT DI MUNSHI SHIHAB,False
microsoft-outlook-2021-mac,MICROSOFT OUTLOOK 2021 (MAC),LP-7BE4FB5BD6,LP-7BE4FB5BD6,021MOT,021MOT,assignment_unverified,Microsoft,Microsoft Office Outlook,8720938276163,assignment_unverified,valid,14.5,EUR,InStock,,PendingReview,https://licenzpol.it/it/product/microsoft-outlook-2021-mac/,,,Licenzpol,DIGITALSOFT DI MUNSHI SHIHAB,False
microsoft-publisher-2021,MICROSOFT PUBLISHER 2021,LP-3C5F10F55C,LP-3C5F10F55C,PB89M6,PB89M6,assignment_unverified,Microsoft,Microsoft Publisher,8720254950099,assignment_unverified,valid,22.7,EUR,InStock,,PendingReview,https://licenzpol.it/it/product/microsoft-publisher-2021/,,,Licenzpol,DIGITALSOFT DI MUNSHI SHIHAB,False
microsoft-access-2021,MICROSOFT ACCESS 2021,LP-08266E0F4F,LP-08266E0F4F,LQ101W,LQ101W,assignment_unverified,Microsoft,Microsoft Access,8720254950082,duplicate_conflict,valid,22.9,EUR,InStock,,PendingReview,https://licenzpol.it/it/product/microsoft-access-2021/,,,Licenzpol,DIGITALSOFT DI MUNSHI SHIHAB,False
autocad-2024-524,AUTOCAD 2024,LP-6C15C2CA48,LP-6C15C2CA48,85GF6T,85GF6T,assignment_unverified,Autodesk,AUTODESK,0468800857185,assignment_unverified,valid,79,EUR,InStock,,PendingReview,https://licenzpol.it/it/product/autocad-2024-524/,,,Licenzpol,DIGITALSOFT DI MUNSHI SHIHAB,False
autocad-lt-2024-mac,AUTOCAD LT 2024 (MAC),LP-B82F4DA779,LP-B82F4DA779,IRY783,IRY783,assignment_unverified,Autodesk,AUTODESK,0606126007826,assignment_unverified,valid,45,EUR,InStock,,PendingReview,https://licenzpol.it/it/product/autocad-lt-2024-mac/,,,Licenzpol,DIGITALSOFT DI MUNSHI SHIHAB,False
bitdefender-password-manager-2025,BITDEFENDER PASSWORD MANAGER 2026,LP-D773EB9891,LP-D773EB9891,B2PM24,B2PM24,assignment_unverified,Bitdender,Bitdefender,4260518148052,assignment_unverified,valid,64.99,EUR,InStock,,PendingReview,https://licenzpol.it/it/product/bitdefender-password-manager-2025/,,,Licenzpol,DIGITALSOFT DI MUNSHI SHIHAB,False
coreldraw-suite-2024-windows,CORELDRAW GRAPHICS SUITE 2024 (WINDOWS),LP-C925DE6C1B,LP-C925DE6C1B,E0G1T2,E0G1T2,assignment_unverified,Corel Draw,COREL,0735163166651,duplicate_conflict,valid,89,EUR,InStock,,PendingReview,https://licenzpol.it/it/product/coreldraw-suite-2024-windows/,,,Licenzpol,DIGITALSOFT DI MUNSHI SHIHAB,False
coreldraw-graphics-suite-2024-mac,CORELDRAW GRAPHICS SUITE 2024 (MAC),LP-7F321B4DED,LP-7F321B4DED,R3Y5K8,R3Y5K8,assignment_unverified,Corel Draw,COREL,0735163166651,duplicate_conflict,valid,89,EUR,InStock,,PendingReview,https://licenzpol.it/it/product/coreldraw-graphics-suite-2024-mac/,,,Licenzpol,DIGITALSOFT DI MUNSHI SHIHAB,False
microsoft-office-2024-professional-plus-windows,MICROSOFT OFFICE 2024 PROFESSIONAL PLUS (WINDOWS),LP-B50AE6E6D1,LP-B50AE6E6D1,OFF024,OFF024,assignment_unverified,Microsoft,Home,0889847772222,assignment_unverified,valid,24.9,EUR,InStock,,PendingReview,https://licenzpol.it/it/product/microsoft-office-2024-professional-plus-windows/,,,Licenzpol,DIGITALSOFT DI MUNSHI SHIHAB,False
adobe-illustrator-2024,ADOBE ILLUSTRATOR 2024,LP-25753FF1EA,LP-25753FF1EA,24ILL8,24ILL8,assignment_unverified,Adobe,Home,9780138263744,assignment_unverified,valid,39.99,EUR,InStock,,PendingReview,https://licenzpol.it/it/product/adobe-illustrator-2024/,,,Licenzpol,DIGITALSOFT DI MUNSHI SHIHAB,False
autodesk-autocad-mechanical-2024,AUTODESK AUTOCAD MECHANICAL 2024,LP-DA6B84EBF0,LP-DA6B84EBF0,M24AM0,M24AM0,assignment_unverified,Autodesk,AUTODESK,9788320429862,assignment_unverified,valid,39.9,EUR,InStock,,PendingReview,https://licenzpol.it/it/product/autodesk-autocad-mechanical-2024/,,,Licenzpol,DIGITALSOFT DI MUNSHI SHIHAB,False
autocad-civil-3d-2024,AUTOCAD CIVIL 3D 2024,LP-779635AC1B,LP-779635AC1B,AU324D,AU324D,assignment_unverified,Autodesk,Home,9781959504726,assignment_unverified,valid,49,EUR,InStock,,PendingReview,https://licenzpol.it/it/product/autocad-civil-3d-2024/,,,Licenzpol,DIGITALSOFT DI MUNSHI SHIHAB,False
adobe-photoshop-2024,ADOBE PHOTOSHOP 2024,LP-B7F2AF7A6D,LP-B7F2AF7A6D,PS24A0,PS24A0,assignment_unverified,Adobe,Home,0883919288390,assignment_unverified,valid,32.9,EUR,InStock,,PendingReview,https://licenzpol.it/it/product/adobe-photoshop-2024/,,,Licenzpol,DIGITALSOFT DI MUNSHI SHIHAB,False
autodesk-inventor-2024,AUTODESK INVENTOR 2024,LP-5B500BC422,LP-5B500BC422,IT24A0,IT24A0,assignment_unverified,Autodesk,Home,9781630568337,assignment_unverified,valid,64.5,EUR,InStock,,PendingReview,https://licenzpol.it/it/product/autodesk-inventor-2024/,,,Licenzpol,DIGITALSOFT DI MUNSHI SHIHAB,False
autocad-lt-2025,AUTOCAD LT 2025,LP-E562C8E77A,LP-E562C8E77A,CA25D0,CA25D0,assignment_unverified,Autodesk,Home,9781630568955,assignment_unverified,valid,65,EUR,InStock,,PendingReview,https://licenzpol.it/it/product/autocad-lt-2025/,,,Licenzpol,DIGITALSOFT DI MUNSHI SHIHAB,False
autodesk-autocad-electrical-2024,AUTODESK AUTOCAD ELECTRICAL 2024,LP-1124F24F98,LP-1124F24F98,CAD024,CAD024,assignment_unverified,Autodesk,Home,9781952866395,assignment_unverified,valid,89,EUR,InStock,,PendingReview,https://licenzpol.it/it/product/autodesk-autocad-electrical-2024/,,,Licenzpol,DIGITALSOFT DI MUNSHI SHIHAB,False
autocad-2025,AUTOCAD 2025,LP-A4B3BD0F5E,LP-A4B3BD0F5E,CAD025,CAD025,assignment_unverified,Autodesk,Home,9782409046346,assignment_unverified,valid,105,EUR,InStock,,PendingReview,https://licenzpol.it/it/product/autocad-2025/,,,Licenzpol,DIGITALSOFT DI MUNSHI SHIHAB,False
project-pro-2024-windows,MICROSOFT PROJECT PROFESSIONAL 2024 (WINDOWS),LP-BBED1F435A,LP-BBED1F435A,20PR4S,20PR4S,assignment_unverified,Microsoft,Home,0710638496655,assignment_unverified,valid,34.9,EUR,InStock,,PendingReview,https://licenzpol.it/it/product/project-pro-2024-windows/,,,Licenzpol,DIGITALSOFT DI MUNSHI SHIHAB,False
microsoft-visio-professional-2024-windows,MICROSOFT VISIO PROFESSIONAL 2024 (WINDOWS),LP-06EB3B345D,LP-06EB3B345D,VI24S8,VI24S8,assignment_unverified,Microsoft,Home,0885370991253,assignment_unverified,valid,34.9,EUR,InStock,,PendingReview,https://licenzpol.it/it/product/microsoft-visio-professional-2024-windows/,,,Licenzpol,DIGITALSOFT DI MUNSHI SHIHAB,False
microsoft-office-2024-home-and-business-mac,MICROSOFT OFFICE 2024 HOME AND BUSINESS (MAC),LP-6A2F0E2B49,LP-6A2F0E2B49,MC22B0,MC22B0,assignment_unverified,Microsoft,Home,0889842095920,assignment_unverified,valid,28.9,EUR,InStock,,PendingReview,https://licenzpol.it/it/product/microsoft-office-2024-home-and-business-mac/,,,Licenzpol,DIGITALSOFT DI MUNSHI SHIHAB,False
microsoft-office-2024-home-and-business-windows,MICROSOFT OFFICE 2024 HOME AND BUSINESS (WINDOWS),LP-0D2EA57ECC,LP-0D2EA57ECC,HB20W4,HB20W4,assignment_unverified,Microsoft,Home,0885370455045,assignment_unverified,valid,39.9,EUR,InStock,,PendingReview,https://licenzpol.it/it/product/microsoft-office-2024-home-and-business-windows/,,,Licenzpol,DIGITALSOFT DI MUNSHI SHIHAB,False
microsoft-windows-server-2025-standard,MICROSOFT WINDOWS SERVER 2025 STANDARD,LP-816F69E65B,LP-816F69E65B,ST885M,ST885M,assignment_unverified,Microsoft,Home,0889842167597,assignment_unverified,valid,28.2,EUR,InStock,,PendingReview,https://licenzpol.it/it/product/microsoft-windows-server-2025-standard/,,,Licenzpol,DIGITALSOFT DI MUNSHI SHIHAB,False
microsoft-windows-server-2025-datacenter,MICROSOFT WINDOWS SERVER 2025 DATACENTER,LP-628CE2730E,LP-628CE2730E,DT220S,DT220S,assignment_unverified,Microsoft,Home,0889842769722,assignment_unverified,valid,29.6,EUR,InStock,,PendingReview,https://licenzpol.it/it/product/microsoft-windows-server-2025-datacenter/,,,Licenzpol,DIGITALSOFT DI MUNSHI SHIHAB,False
microsoft-windows-server-2025-essential,MICROSOFT WINDOWS SERVER 2025 ESSENTIAL,LP-3CEA46F757,LP-3CEA46F757,ES22M0,ES22M0,assignment_unverified,Microsoft,Home,4059595728321,assignment_unverified,valid,59.9,EUR,InStock,,PendingReview,https://licenzpol.it/it/product/microsoft-windows-server-2025-essential/,,,Licenzpol,DIGITALSOFT DI MUNSHI SHIHAB,False
microsoft-windows-server-2025-10-user-cals,MICROSOFT WINDOWS SERVER 2025 - 10 USER CALS,LP-0E35A0A1F8,LP-0E35A0A1F8,US24T8,US24T8,assignment_unverified,Microsoft,Home,0783555063873,assignment_unverified,valid,90.99,EUR,InStock,,PendingReview,https://licenzpol.it/it/product/microsoft-windows-server-2025-10-user-cals/,,,Licenzpol,DIGITALSOFT DI MUNSHI SHIHAB,False
microsoft-windows-server-2025-10-device-cals,MICROSOFT WINDOWS SERVER 2025 - 10 DEVICE CALS,LP-361375A8A1,LP-361375A8A1,DV252C,DV252C,assignment_unverified,Microsoft,Home,0889488478613,assignment_unverified,valid,90.99,EUR,InStock,,PendingReview,https://licenzpol.it/it/product/microsoft-windows-server-2025-10-device-cals/,,,Licenzpol,DIGITALSOFT DI MUNSHI SHIHAB,False
windows-server-2025-10-rds-device-cals,WINDOWS SERVER 2025 - 10 RDS DEVICE CALS,LP-2F679AF5AD,LP-2F679AF5AD,WSR025,WSR025,assignment_unverified,Microsoft,Home,5060987820812,assignment_unverified,valid,104.9,EUR,InStock,,PendingReview,https://licenzpol.it/it/product/windows-server-2025-10-rds-device-cals/,,,Licenzpol,DIGITALSOFT DI MUNSHI SHIHAB,False
microsoft-windows-server-2022-essential,MICROSOFT WINDOWS SERVER 2022 ESSENTIAL,LP-D4EC7C263F,LP-D4EC7C263F,SS22V0,SS22V0,assignment_unverified,Microsoft,Home,0889842140378,assignment_unverified,valid,39.9,EUR,InStock,,PendingReview,https://licenzpol.it/it/product/microsoft-windows-server-2022-essential/,,,Licenzpol,DIGITALSOFT DI MUNSHI SHIHAB,False
microsoft-access-2024-windows,MICROSOFT ACCESS 2024 (WINDOWS),LP-DF91779A5D,LP-DF91779A5D,MA24S0,MA24S0,assignment_unverified,Microsoft,Home,8720254950082,duplicate_conflict,valid,29.9,EUR,InStock,,PendingReview,https://licenzpol.it/it/product/microsoft-access-2024-windows/,,,Licenzpol,DIGITALSOFT DI MUNSHI SHIHAB,False
microsoft-excel-2024-windows,MICROSOFT EXCEL 2024 (WINDOWS),LP-EC5B1D69F2,LP-EC5B1D69F2,XC24E0,XC24E0,assignment_unverified,Microsoft,Home,9798877325715,assignment_unverified,valid,29.9,EUR,InStock,,PendingReview,https://licenzpol.it/it/product/microsoft-excel-2024-windows/,,,Licenzpol,DIGITALSOFT DI MUNSHI SHIHAB,False
microsoft-excel-2024-mac,MICROSOFT EXCEL 2024 (MAC),LP-C366BDFFC8,LP-C366BDFFC8,MC20T4,MC20T4,assignment_unverified,Microsoft,Home,9798872526407,assignment_unverified,valid,29.9,EUR,InStock,,PendingReview,https://licenzpol.it/it/product/microsoft-excel-2024-mac/,,,Licenzpol,DIGITALSOFT DI MUNSHI SHIHAB,False
microsoft-powerpoint-2024-windows,MICROSOFT POWERPOINT 2024 (WINDOWS),LP-CE279B72D3,LP-CE279B72D3,PW20O4,PW20O4,assignment_unverified,Microsoft,Home,9798502155922,assignment_unverified,valid,29.9,EUR,InStock,,PendingReview,https://licenzpol.it/it/product/microsoft-powerpoint-2024-windows/,,,Licenzpol,DIGITALSOFT DI MUNSHI SHIHAB,False
microsoft-powerpoint-2024-mac,MICROSOFT POWERPOINT 2024 (MAC),LP-F436253821,LP-F436253821,PP20T4,PP20T4,assignment_unverified,Microsoft,Home,9783832855543,assignment_unverified,valid,29.9,EUR,InStock,,PendingReview,https://licenzpol.it/it/product/microsoft-powerpoint-2024-mac/,,,Licenzpol,DIGITALSOFT DI MUNSHI SHIHAB,False
word-2024-windows,MICROSOFT WORD 2024 (WINDOWS),LP-B12918BAE5,LP-B12918BAE5,WOD024,WOD024,assignment_unverified,Microsoft,Home,8720938276309,assignment_unverified,valid,29.9,EUR,InStock,,PendingReview,https://licenzpol.it/it/product/word-2024-windows/,,,Licenzpol,DIGITALSOFT DI MUNSHI SHIHAB,False
word-2024-mac,MICROSOFT WORD 2024 (MAC),LP-DDDAE682A3,LP-DDDAE682A3,WRD004,WRD004,assignment_unverified,Microsoft,Home,8720938276316,assignment_unverified,valid,29.9,EUR,InStock,,PendingReview,https://licenzpol.it/it/product/word-2024-mac/,,,Licenzpol,DIGITALSOFT DI MUNSHI SHIHAB,False
microsoft-onenote-2024-windows,MICROSOFT ONENOTE 2024 (WINDOWS),LP-3F100FAB5C,LP-3F100FAB5C,NT24O,NT24O,assignment_unverified,Microsoft,Home,0132017862835,assignment_unverified,valid,25.9,EUR,InStock,,PendingReview,https://licenzpol.it/it/product/microsoft-onenote-2024-windows/,,,Licenzpol,DIGITALSOFT DI MUNSHI SHIHAB,False
microsoft-onenote-2024-mac,MICROSOFT ONENOTE 2024 (MAC),LP-FDFAF3256C,LP-FDFAF3256C,MO20T4,MO20T4,assignment_unverified,Microsoft,Home,9781867470915,duplicate_conflict,valid,25.9,EUR,InStock,,PendingReview,https://licenzpol.it/it/product/microsoft-onenote-2024-mac/,,,Licenzpol,DIGITALSOFT DI MUNSHI SHIHAB,False
microsoft-word-2016-windows,MICROSOFT WORD 2016 (WINDOWS),LP-68C6541D04,LP-68C6541D04,WOD216,WOD216,assignment_unverified,Microsoft,Home,2940154921852,assignment_unverified,valid,9.9,EUR,InStock,,PendingReview,https://licenzpol.it/it/product/microsoft-word-2016-windows/,,,Licenzpol,DIGITALSOFT DI MUNSHI SHIHAB,False
microsoft-word-2016-mac,MICROSOFT WORD 2016 (MAC),LP-2764BAEB9E,LP-2764BAEB9E,WRD016,WRD016,assignment_unverified,Microsoft,Microsoft Word,9783954312887,assignment_unverified,valid,9.9,EUR,InStock,,PendingReview,https://licenzpol.it/it/product/microsoft-word-2016-mac/,,,Licenzpol,DIGITALSOFT DI MUNSHI SHIHAB,False
microsoft-powerpoint-2016-windows,MICROSOFT POWERPOINT 2016 (WINDOWS),LP-C7914BAD65,LP-C7914BAD65,PWP016,PWP016,assignment_unverified,Microsoft,Microsoft Powerpoint,7081445269491,assignment_unverified,valid,9.9,EUR,InStock,,PendingReview,https://licenzpol.it/it/product/microsoft-powerpoint-2016-windows/,,,Licenzpol,DIGITALSOFT DI MUNSHI SHIHAB,False
microsoft-powerpoint-2016-mac,MICROSOFT POWERPOINT 2016 (MAC),LP-613D30CCD1,LP-613D30CCD1,PWP216,PWP216,assignment_unverified,Microsoft,Home,8720938276248,assignment_unverified,valid,9.9,EUR,InStock,,PendingReview,https://licenzpol.it/it/product/microsoft-powerpoint-2016-mac/,,,Licenzpol,DIGITALSOFT DI MUNSHI SHIHAB,False
microsoft-powerpoint-2019-windows,MICROSOFT POWERPOINT 2019 (WINDOWS),LP-B5B64C6815,LP-B5B64C6815,PPT019,PPT019,assignment_unverified,Microsoft,Home,0018527502891,assignment_unverified,valid,14.9,EUR,InStock,,PendingReview,https://licenzpol.it/it/product/microsoft-powerpoint-2019-windows/,,,Licenzpol,DIGITALSOFT DI MUNSHI SHIHAB,False
microsoft-excel-2016-windows,MICROSOFT EXCEL 2016 (WINDOWS),LP-F20AC2A02F,LP-F20AC2A02F,EXL016,EXL016,assignment_unverified,Microsoft,Home,9781119202066,assignment_unverified,valid,9.9,EUR,InStock,,PendingReview,https://licenzpol.it/it/product/microsoft-excel-2016-windows/,,,Licenzpol,DIGITALSOFT DI MUNSHI SHIHAB,False
microsoft-excel-2016-mac-6590,MICROSOFT EXCEL 2016 (MAC),LP-4A778FD8DF,LP-4A778FD8DF,EXL616,EXL616,assignment_unverified,Microsoft,Home,8720938276286,assignment_unverified,valid,9.9,EUR,InStock,,PendingReview,https://licenzpol.it/it/product/microsoft-excel-2016-mac-6590/,,,Licenzpol,DIGITALSOFT DI MUNSHI SHIHAB,False
autodesk-3ds-max-2025,AUTODESK 3DS MAX 2025,LP-71AB8DAE09,LP-71AB8DAE09,25DS3M,25DS3M,assignment_unverified,Autodesk,Home,9781630576783,assignment_unverified,valid,49.9,EUR,InStock,,PendingReview,https://licenzpol.it/it/product/autodesk-3ds-max-2025/,,,Licenzpol,DIGITALSOFT DI MUNSHI SHIHAB,False
autocad-revit-2024,AUTOCAD REVIT 2024,LP-786C1F4CFA,LP-786C1F4CFA,LR24V02,LR24V02,assignment_unverified,Autodesk,Home,9780997024906,assignment_unverified,valid,99,EUR,InStock,,PendingReview,https://licenzpol.it/it/product/autocad-revit-2024/,,,Licenzpol,DIGITALSOFT DI MUNSHI SHIHAB,False
coreldraw-technical-suite-2024-windows,CORELDRAW TECHNICAL SUITE 2024 (WINDOWS),LP-5043D9085F,LP-5043D9085F,20CRW0,20CRW0,assignment_unverified,Corel Draw,Home,4748364701794,assignment_unverified,valid,59,EUR,InStock,,PendingReview,https://licenzpol.it/it/product/coreldraw-technical-suite-2024-windows/,,,Licenzpol,DIGITALSOFT DI MUNSHI SHIHAB,False
autocad-revit-2025,AUTOCAD REVIT 2025,LP-779E516D54,LP-779E516D54,AT25R0,AT25R0,assignment_unverified,Autodesk,Home,0093988705463,assignment_unverified,valid,109,EUR,InStock,,PendingReview,https://licenzpol.it/it/product/autocad-revit-2025/,,,Licenzpol,DIGITALSOFT DI MUNSHI SHIHAB,False
autocad-revit-2022,AUTOCAD REVIT 2022,LP-DF2E27AD89,LP-DF2E27AD89,GB29M2,GB29M2,assignment_unverified,Autodesk,Home,9783747503645,assignment_unverified,valid,69,EUR,InStock,,PendingReview,https://licenzpol.it/it/product/autocad-revit-2022/,,,Licenzpol,DIGITALSOFT DI MUNSHI SHIHAB,False
upgrade1,Upgrade a Licenza Perpetua,LP-978C443595,LP-978C443595,ORD516,ORD516,assignment_unverified,Varie,Home,,missing,missing,10,EUR,InStock,,PendingReview,https://licenzpol.it/it/product/upgrade1/,,,Licenzpol,DIGITALSOFT DI MUNSHI SHIHAB,False
microsoft-office-2021-professional-plus-promo-school,MICROSOFT OFFICE 2021 LTSC PROFESSIONAL PLUS (PROMO SCHOOL),LP-6E0BA86535,LP-6E0BA86535,PRD615,OFFICE2021,assignment_unverified,Microsoft,Microsoft Office 2021,0889842856354,assignment_unverified,valid,7.9,EUR,InStock,,PendingReview,https://licenzpol.it/it/product/microsoft-office-2021-professional-plus-promo-school/,,,Licenzpol,DIGITALSOFT DI MUNSHI SHIHAB,False
parallels-desktop-20-standard-mac,PARALLELS DESKTOP 20 STANDARD (MAC),LP-91280B147C,LP-91280B147C,DS20P1,DS20P1,assignment_unverified,Varie,ALTRO,4749109870188,assignment_unverified,valid,89,EUR,InStock,,PendingReview,https://licenzpol.it/it/product/parallels-desktop-20-standard-mac/,,,Licenzpol,DIGITALSOFT DI MUNSHI SHIHAB,False
microsoft-outlook-2024-windows,MICROSOFT OUTLOOK 2024 (WINDOWS),LP-84D622D9E3,LP-84D622D9E3,OUT024,OUT024,assignment_unverified,Microsoft,Home,8721098483743,assignment_unverified,valid,29,EUR,InStock,,PendingReview,https://licenzpol.it/it/product/microsoft-outlook-2024-windows/,,,Licenzpol,DIGITALSOFT DI MUNSHI SHIHAB,False
microsoft-outlook-2024-mac,MICROSOFT OUTLOOK 2024 (MAC),LP-E7016C50A0,LP-E7016C50A0,OTM024,OTM024,assignment_unverified,Microsoft,Microsoft Office Outlook,8721098483781,assignment_unverified,valid,29,EUR,InStock,,PendingReview,https://licenzpol.it/it/product/microsoft-outlook-2024-mac/,,,Licenzpol,DIGITALSOFT DI MUNSHI SHIHAB,False
wondershare-pdfelement-11-mac,WONDERSHARE PDFelement 11 (MAC),LP-7B99E6A773,LP-7B99E6A773,WS11PDF,WS11PDF,assignment_unverified,Varie,ALTRO,7443539660612,duplicate_conflict,valid,29,EUR,InStock,,PendingReview,https://licenzpol.it/it/product/wondershare-pdfelement-11-mac/,,,Licenzpol,DIGITALSOFT DI MUNSHI SHIHAB,False
adobe-acrobat-2024,Adobe Acrobat 2024,LP-1677CDA66A,LP-1677CDA66A,#ACR2024MAC,#ACR2024MAC,assignment_unverified,Adobe,ADOBE,7443539460489,assignment_unverified,valid,49,EUR,InStock,,PendingReview,https://licenzpol.it/it/product/adobe-acrobat-2024/,,,Licenzpol,DIGITALSOFT DI MUNSHI SHIHAB,False
adobe-photoshop-2025,ADOBE PHOTOSHOP 2025,LP-ED5C9BC7EA,LP-ED5C9BC7EA,PHSHO25,PHSHO25,assignment_unverified,Adobe,ADOBE,7443539660612,duplicate_conflict,valid,42,EUR,InStock,,PendingReview,https://licenzpol.it/it/product/adobe-photoshop-2025/,,,Licenzpol,DIGITALSOFT DI MUNSHI SHIHAB,False
autodesk-contruction-cloud,AUTODESK CONTRUCTION CLOUD,LP-55899868DD,LP-55899868DD,ADCLOUD,ADCLOUD,assignment_unverified,Autodesk,AUTODESK,7443539354344,assignment_unverified,valid,79,EUR,InStock,,PendingReview,https://licenzpol.it/it/product/autodesk-contruction-cloud/,,,Licenzpol,DIGITALSOFT DI MUNSHI SHIHAB,False
autodesk-tutte-le-apps,AUTODESK - TUTTE LE APPS,LP-5FBB87ED64,LP-5FBB87ED64,ADALLPP,ADALLPP,assignment_unverified,Autodesk,AUTODESK,7443539354351,assignment_unverified,valid,899,EUR,InStock,,PendingReview,https://licenzpol.it/it/product/autodesk-tutte-le-apps/,,,Licenzpol,DIGITALSOFT DI MUNSHI SHIHAB,False
autodesk-3ds-max,AUTODESK 3DS MAX,LP-BE7CB0FC82,LP-BE7CB0FC82,AD3DSMAX,AD3DSMAX,assignment_unverified,Autodesk,AUTODESK,7443539454402,assignment_unverified,valid,39,EUR,InStock,,PendingReview,https://licenzpol.it/it/product/autodesk-3ds-max/,,,Licenzpol,DIGITALSOFT DI MUNSHI SHIHAB,False
autodesk-advance-steel,AUTODESK ADVANCE STEEL,LP-BDB7F3F789,LP-BDB7F3F789,ADADVSTE,ADADVSTE,assignment_unverified,Autodesk,AUTODESK,7443539354399,assignment_unverified,valid,39,EUR,InStock,,PendingReview,https://licenzpol.it/it/product/autodesk-advance-steel/,,,Licenzpol,DIGITALSOFT DI MUNSHI SHIHAB,False
autodesk-alias-autostudio,AUTODESK ALIAS AUTOSTUDIO,LP-F177B3761E,LP-F177B3761E,ADALASDT,ADALASDT,assignment_unverified,Autodesk,AUTODESK,7443539354382,assignment_unverified,valid,69,EUR,InStock,,PendingReview,https://licenzpol.it/it/product/autodesk-alias-autostudio/,,,Licenzpol,DIGITALSOFT DI MUNSHI SHIHAB,False
autodesk-arnold,AUTODESK ARNOLD,LP-12610C5B47,LP-12610C5B47,AD52AR,AD52AR,assignment_unverified,Autodesk,AUTODESK,7443539354375,assignment_unverified,valid,39,EUR,InStock,,PendingReview,https://licenzpol.it/it/product/autodesk-arnold/,,,Licenzpol,DIGITALSOFT DI MUNSHI SHIHAB,False
autodesk-autocad,AUTODESK AUTOCAD,LP-9A57EE8A7D,LP-9A57EE8A7D,AD511DD,AD511DD,assignment_unverified,Autodesk,AUTODESK,7443539354368,assignment_unverified,valid,49,EUR,InStock,,PendingReview,https://licenzpol.it/it/product/autodesk-autocad/,,,Licenzpol,DIGITALSOFT DI MUNSHI SHIHAB,False
autodesk-autocad-web,AUTODESK AUTOCAD WEB,LP-FF7A5F00ED,LP-FF7A5F00ED,AD220SD,AD220SD,assignment_unverified,Autodesk,AUTODESK,7443539454433,assignment_unverified,valid,39,EUR,InStock,,PendingReview,https://licenzpol.it/it/product/autodesk-autocad-web/,,,Licenzpol,DIGITALSOFT DI MUNSHI SHIHAB,False
autodesk-autocad-lt,AUTODESK AUTOCAD LT,LP-CCB31F3A28,LP-CCB31F3A28,AD536DT,AD536DT,assignment_unverified,Autodesk,AUTODESK,7443539454440,assignment_unverified,valid,35,EUR,InStock,,PendingReview,https://licenzpol.it/it/product/autodesk-autocad-lt/,,,Licenzpol,DIGITALSOFT DI MUNSHI SHIHAB,False
autodesk-cfd-ultimate,AUTODESK CFD ULTIMATE,LP-34AEC5AEC3,LP-34AEC5AEC3,AD253ED,AD253ED,assignment_unverified,Autodesk,AUTODESK,7443539454457,assignment_unverified,valid,349,EUR,InStock,,PendingReview,https://licenzpol.it/it/product/autodesk-cfd-ultimate/,,,Licenzpol,DIGITALSOFT DI MUNSHI SHIHAB,False
autodesk-inventor,AUTODESK INVENTOR,LP-E7101ECDCD,LP-E7101ECDCD,AD741EF,AD741EF,assignment_unverified,Autodesk,AUTODESK,7443539454464,assignment_unverified,valid,49,EUR,InStock,,PendingReview,https://licenzpol.it/it/product/autodesk-inventor/,,,Licenzpol,DIGITALSOFT DI MUNSHI SHIHAB,False
autodesk-powershape-ultimate,AUTODESK POWERSHAPE ULTIMATE,LP-2332FA123A,LP-2332FA123A,AD239EW,AD239EW,assignment_unverified,Autodesk,AUTODESK,7443539454471,assignment_unverified,valid,69,EUR,InStock,,PendingReview,https://licenzpol.it/it/product/autodesk-powershape-ultimate/,,,Licenzpol,DIGITALSOFT DI MUNSHI SHIHAB,False
autodesk-civil-3d,AUTODESK CIVIL 3D,LP-FAAAEC3D0F,LP-FAAAEC3D0F,AD563TK,AD563TK,assignment_unverified,Autodesk,AUTODESK,7443539454488,assignment_unverified,valid,39,EUR,InStock,,PendingReview,https://licenzpol.it/it/product/autodesk-civil-3d/,,,Licenzpol,DIGITALSOFT DI MUNSHI SHIHAB,False
autodesk-fabrication,AUTODESK FABRICATION,LP-FBF3D89659,LP-FBF3D89659,AD958ER,AD958ER,assignment_unverified,Autodesk,AUTODESK,7443539454495,assignment_unverified,valid,59,EUR,InStock,,PendingReview,https://licenzpol.it/it/product/autodesk-fabrication/,,,Licenzpol,DIGITALSOFT DI MUNSHI SHIHAB,False
autodesk-factory-design-utilities,AUTODESK FACTORY DESIGN UTILITIES,LP-DF81AB98D4,LP-DF81AB98D4,AD294KJ,AD294KJ,assignment_unverified,Autodesk,AUTODESK,7443539554508,assignment_unverified,valid,69,EUR,InStock,,PendingReview,https://licenzpol.it/it/product/autodesk-factory-design-utilities/,,,Licenzpol,DIGITALSOFT DI MUNSHI SHIHAB,False
autodesk-flame,AUTODESK FLAME,LP-B9127DFE41,LP-B9127DFE41,AD095JU,AD095JU,assignment_unverified,Autodesk,AUTODESK,7443539554515,assignment_unverified,valid,49,EUR,InStock,,PendingReview,https://licenzpol.it/it/product/autodesk-flame/,,,Licenzpol,DIGITALSOFT DI MUNSHI SHIHAB,False
autodesk-forma,AUTODESK FORMA,LP-A95B03A082,LP-A95B03A082,AD257FM,AD257FM,assignment_unverified,Autodesk,AUTODESK,7443539554522,assignment_unverified,valid,189,EUR,InStock,,PendingReview,https://licenzpol.it/it/product/autodesk-forma/,,,Licenzpol,DIGITALSOFT DI MUNSHI SHIHAB,False
autodesk-fusion-360,AUTODESK FUSION 360,LP-42D140FFC1,LP-42D140FFC1,AD247PO,AD247PO,assignment_unverified,Autodesk,AUTODESK,7443539554539,assignment_unverified,valid,39,EUR,InStock,,PendingReview,https://licenzpol.it/it/product/autodesk-fusion-360/,,,Licenzpol,DIGITALSOFT DI MUNSHI SHIHAB,False
autodesk-hsmworks-ultimate,AUTODESK HSMWORKS ULTIMATE,LP-47234E9172,LP-47234E9172,AD273LO,AD273LO,assignment_unverified,Autodesk,AUTODESK,7443539554546,assignment_unverified,valid,69,EUR,InStock,,PendingReview,https://licenzpol.it/it/product/autodesk-hsmworks-ultimate/,,,Licenzpol,DIGITALSOFT DI MUNSHI SHIHAB,False
autodesk-infraworks,AUTODESK INFRAWORKS,LP-3540A00AE3,LP-3540A00AE3,AD273LF,AD273LF,assignment_unverified,Autodesk,AUTODESK,7443539554553,assignment_unverified,valid,199,EUR,InStock,,PendingReview,https://licenzpol.it/it/product/autodesk-infraworks/,,,Licenzpol,DIGITALSOFT DI MUNSHI SHIHAB,False
autodesk-maya,AUTODESK MAYA,LP-9FE8618412,LP-9FE8618412,AD534HJ,AD534HJ,assignment_unverified,Autodesk,AUTODESK,7443539554577,assignment_unverified,valid,39,EUR,InStock,,PendingReview,https://licenzpol.it/it/product/autodesk-maya/,,,Licenzpol,DIGITALSOFT DI MUNSHI SHIHAB,False
autodesk-moldflow-insight,AUTODESK MOLDFLOW INSIGHT,LP-BBDABB7EC7,LP-BBDABB7EC7,AD307KU,AD307KU,assignment_unverified,Autodesk,AUTODESK,7443539554584,assignment_unverified,valid,399,EUR,InStock,,PendingReview,https://licenzpol.it/it/product/autodesk-moldflow-insight/,,,Licenzpol,DIGITALSOFT DI MUNSHI SHIHAB,False
autodesk-motion-builder,AUTODESK MOTION BUILDER,LP-8EE534457E,LP-8EE534457E,AD637BR,AD637BR,assignment_unverified,Autodesk,AUTODESK,7443539554591,assignment_unverified,valid,179,EUR,InStock,,PendingReview,https://licenzpol.it/it/product/autodesk-motion-builder/,,,Licenzpol,DIGITALSOFT DI MUNSHI SHIHAB,False
autodesk-mudbox,AUTODESK MUDBOX,LP-EAE64AEA9A,LP-EAE64AEA9A,AD529KD,AD529KD,assignment_unverified,Autodesk,AUTODESK,7443539654604,assignment_unverified,valid,29,EUR,InStock,,PendingReview,https://licenzpol.it/it/product/autodesk-mudbox/,,,Licenzpol,DIGITALSOFT DI MUNSHI SHIHAB,False
autodesk-navisworks-manage,AUTODESK NAVISWORKS MANAGE,LP-83ED0FE945,LP-83ED0FE945,FR324YG,FR324YG,assignment_unverified,Autodesk,AUTODESK,7443539654611,assignment_unverified,valid,49,EUR,InStock,,PendingReview,https://licenzpol.it/it/product/autodesk-navisworks-manage/,,,Licenzpol,DIGITALSOFT DI MUNSHI SHIHAB,False
autodesk-netfabb-premium,AUTODESK NETFABB PREMIUM,LP-796926949F,LP-796926949F,AD623JH,AD623JH,assignment_unverified,Autodesk,AUTODESK,7443539654628,assignment_unverified,valid,79,EUR,InStock,,PendingReview,https://licenzpol.it/it/product/autodesk-netfabb-premium/,,,Licenzpol,DIGITALSOFT DI MUNSHI SHIHAB,False
autodesk-point-layout,AUTODESK POINT LAYOUT,LP-F05CA795D5,LP-F05CA795D5,AD325TR,AD325TR,assignment_unverified,Autodesk,AUTODESK,7443539654635,assignment_unverified,valid,99,EUR,InStock,,PendingReview,https://licenzpol.it/it/product/autodesk-point-layout/,,,Licenzpol,DIGITALSOFT DI MUNSHI SHIHAB,False
autodesk-powerinspect,AUTODESK POWERINSPECT,LP-FB2B913484,LP-FB2B913484,AD234RB,AD234RB,assignment_unverified,Autodesk,AUTODESK,7443539654642,assignment_unverified,valid,199,EUR,InStock,,PendingReview,https://licenzpol.it/it/product/autodesk-powerinspect/,,,Licenzpol,DIGITALSOFT DI MUNSHI SHIHAB,False
autodesk-media-e-entertainment-collection,AUTODESK MEDIA E ENTERTAINMENT COLLECTION,LP-0714B5791A,LP-0714B5791A,AD367KM,AD367KM,assignment_unverified,Autodesk,AUTODESK,7443539654659,assignment_unverified,valid,149,EUR,InStock,,PendingReview,https://licenzpol.it/it/product/autodesk-media-e-entertainment-collection/,,,Licenzpol,DIGITALSOFT DI MUNSHI SHIHAB,False
autodesk-recap-pro,AUTODESK RECAP PRO,LP-9C2CCFAC65,LP-9C2CCFAC65,AD324LM,AD324LM,assignment_unverified,Autodesk,AUTODESK,7443539654666,assignment_unverified,valid,79,EUR,InStock,,PendingReview,https://licenzpol.it/it/product/autodesk-recap-pro/,,,Licenzpol,DIGITALSOFT DI MUNSHI SHIHAB,False
autodesk-revit,AUTODESK REVIT,LP-121BD83762,LP-121BD83762,AD237UH,AD237UH,assignment_unverified,Autodesk,AUTODESK,7443539654673,assignment_unverified,valid,49,EUR,InStock,,PendingReview,https://licenzpol.it/it/product/autodesk-revit/,,,Licenzpol,DIGITALSOFT DI MUNSHI SHIHAB,False
autodesk-robot-structural-analysis-professional,AUTODESK ROBOT STRUCTURAL ANALYSIS PROFESSIONAL,LP-FCD59EEED0,LP-FCD59EEED0,AD214UY,AD214UY,assignment_unverified,Autodesk,AUTODESK,7443539654680,assignment_unverified,valid,99,EUR,InStock,,PendingReview,https://licenzpol.it/it/product/autodesk-robot-structural-analysis-professional/,,,Licenzpol,DIGITALSOFT DI MUNSHI SHIHAB,False
autodesk-structural-bridge-design,AUTODESK STRUCTURAL BRIDGE DESIGN,LP-EBEE2A66A7,LP-EBEE2A66A7,AD238HR,AD238HR,assignment_unverified,Autodesk,AUTODESK,7443539754724,assignment_unverified,valid,79,EUR,InStock,,PendingReview,https://licenzpol.it/it/product/autodesk-structural-bridge-design/,,,Licenzpol,DIGITALSOFT DI MUNSHI SHIHAB,False
autodesk-vred-professional,AUTODESK VRED PROFESSIONAL,LP-9E703338C4,LP-9E703338C4,AD327DE,AD327DE,assignment_unverified,Autodesk,AUTODESK,7443539754731,assignment_unverified,valid,89,EUR,InStock,,PendingReview,https://licenzpol.it/it/product/autodesk-vred-professional/,,,Licenzpol,DIGITALSOFT DI MUNSHI SHIHAB,False
autodesk-vault-professional,AUTODESK VAULT PROFESSIONAL,LP-3AD8ECC375,LP-3AD8ECC375,AD327YC,AD327YC,assignment_unverified,Autodesk,AUTODESK,7443539754748,assignment_unverified,valid,69,EUR,InStock,,PendingReview,https://licenzpol.it/it/product/autodesk-vault-professional/,,,Licenzpol,DIGITALSOFT DI MUNSHI SHIHAB,False
autodesk-vehicle-tracking,AUTODESK VEHICLE TRACKING,LP-FFA8370579,LP-FFA8370579,AD300ED,AD300ED,assignment_unverified,Autodesk,AUTODESK,7443539754755,assignment_unverified,valid,199,EUR,InStock,,PendingReview,https://licenzpol.it/it/product/autodesk-vehicle-tracking/,,,Licenzpol,DIGITALSOFT DI MUNSHI SHIHAB,False
autodesk-autocad-plant-3d,AUTODESK AUTOCAD PLANT 3D,LP-D4EA691A35,LP-D4EA691A35,AD327KG,AD327KG,assignment_unverified,Autodesk,AUTODESK,7443539754762,assignment_unverified,valid,49,EUR,InStock,,PendingReview,https://licenzpol.it/it/product/autodesk-autocad-plant-3d/,,,Licenzpol,DIGITALSOFT DI MUNSHI SHIHAB,False
autodesk-formit-pro,AUTODESK FORMIT PRO,LP-6AEE130ACC,LP-6AEE130ACC,AD362NE,AD362NE,assignment_unverified,Autodesk,AUTODESK,7443539754779,assignment_unverified,valid,69,EUR,InStock,,PendingReview,https://licenzpol.it/it/product/autodesk-formit-pro/,,,Licenzpol,DIGITALSOFT DI MUNSHI SHIHAB,False
autodesk-aec,AUTODESK AEC,LP-282FF18CFA,LP-282FF18CFA,AD308DR,AD308DR,assignment_unverified,Autodesk,AUTODESK,7443539754786,assignment_unverified,valid,229,EUR,InStock,,PendingReview,https://licenzpol.it/it/product/autodesk-aec/,,,Licenzpol,DIGITALSOFT DI MUNSHI SHIHAB,False
autodesk-autocad-mechanical,AUTODESK AUTOCAD MECHANICAL,LP-2020D72788,LP-2020D72788,AD362NE,AD362NE,assignment_unverified,Autodesk,AUTODESK,7443539754793,assignment_unverified,valid,35,EUR,InStock,,PendingReview,https://licenzpol.it/it/product/autodesk-autocad-mechanical/,,,Licenzpol,DIGITALSOFT DI MUNSHI SHIHAB,False
autodesk-autocad-architecture,AUTODESK AUTOCAD ARCHITECTURE,LP-D39EE8500B,LP-D39EE8500B,AD903KV,AD903KV,assignment_unverified,Autodesk,AUTODESK,7443539854806,assignment_unverified,valid,49,EUR,InStock,,PendingReview,https://licenzpol.it/it/product/autodesk-autocad-architecture/,,,Licenzpol,DIGITALSOFT DI MUNSHI SHIHAB,False
autodesk-autocad-electrical,AUTODESK AUTOCAD ELECTRICAL,LP-76D7024D2E,LP-76D7024D2E,AD307KM,AD307KM,assignment_unverified,Autodesk,AUTODESK,7443539854813,assignment_unverified,valid,49,EUR,InStock,,PendingReview,https://licenzpol.it/it/product/autodesk-autocad-electrical/,,,Licenzpol,DIGITALSOFT DI MUNSHI SHIHAB,False
autodesk-autocad-mep,AUTODESK AUTOCAD MEP,LP-C0997FBEF2,LP-C0997FBEF2,AD300FB,AD300FB,assignment_unverified,Autodesk,AUTODESK,7443539854820,assignment_unverified,valid,59,EUR,InStock,,PendingReview,https://licenzpol.it/it/product/autodesk-autocad-mep/,,,Licenzpol,DIGITALSOFT DI MUNSHI SHIHAB,False
autodesk-autocad-map-3d,AUTODESK AUTOCAD MAP 3D,LP-38B42B9D8D,LP-38B42B9D8D,AD374IKS,AD374IKS,assignment_unverified,Autodesk,AUTODESK,7443539854837,assignment_unverified,valid,39,EUR,InStock,,PendingReview,https://licenzpol.it/it/product/autodesk-autocad-map-3d/,,,Licenzpol,DIGITALSOFT DI MUNSHI SHIHAB,False
autodek-pdmc-collection,AUTODEK PDMC COLLECTION,LP-4AF5631F59,LP-4AF5631F59,AD307MR,AD307MR,assignment_unverified,Autodesk,AUTODESK,7443539854844,assignment_unverified,valid,199,EUR,InStock,,PendingReview,https://licenzpol.it/it/product/autodek-pdmc-collection/,,,Licenzpol,DIGITALSOFT DI MUNSHI SHIHAB,False
canva-pro,CANVA PRO,LP-76205A98A5,LP-76205A98A5,CV523KU,CV523KU,assignment_unverified,Varie,ALTRO,7443539358335,assignment_unverified,valid,29.9,EUR,InStock,,PendingReview,https://licenzpol.it/it/product/canva-pro/,,,Licenzpol,DIGITALSOFT DI MUNSHI SHIHAB,False
adobe-creative-cloud-2025,ADOBE CREATIVE CLOUD 2026,LP-132333FAC6,LP-132333FAC6,AD324M,AD324M,assignment_unverified,Adobe,ADOBE,7443539053025,assignment_unverified,valid,29,EUR,InStock,,PendingReview,https://licenzpol.it/it/product/adobe-creative-cloud-2025/,,,Licenzpol,DIGITALSOFT DI MUNSHI SHIHAB,False
adobe-express-premium,ADOBE EXPRESS PREMIUM,LP-B83214B2E6,LP-B83214B2E6,AD538KI,AD538KI,assignment_unverified,Adobe,ADOBE,7443539053018,assignment_unverified,valid,39,EUR,InStock,,PendingReview,https://licenzpol.it/it/product/adobe-express-premium/,,,Licenzpol,DIGITALSOFT DI MUNSHI SHIHAB,False
adobe-photoshop-2025-676,ADOBE PHOTOSHOP 2025,LP-D19488385B,LP-D19488385B,AD328KR,AD328KR,assignment_unverified,Adobe,ADOBE,7443539952991,assignment_unverified,valid,19.9,EUR,InStock,,PendingReview,https://licenzpol.it/it/product/adobe-photoshop-2025-676/,,,Licenzpol,DIGITALSOFT DI MUNSHI SHIHAB,False
adobe-premiere-pro-2025,ADOBE PREMIERE PRO 2025,LP-A0E23879B8,LP-A0E23879B8,AD637OT,AD637OT,assignment_unverified,Adobe,ADOBE,7443539952984,assignment_unverified,valid,19.9,EUR,InStock,,PendingReview,https://licenzpol.it/it/product/adobe-premiere-pro-2025/,,,Licenzpol,DIGITALSOFT DI MUNSHI SHIHAB,False
adobe-illustrator-2025,ADOBE ILLUSTRATOR 2025,LP-CBBF278EE0,LP-CBBF278EE0,AD387LK,AD387LK,assignment_unverified,Adobe,ADOBE,7443539952977,assignment_unverified,valid,19.9,EUR,InStock,,PendingReview,https://licenzpol.it/it/product/adobe-illustrator-2025/,,,Licenzpol,DIGITALSOFT DI MUNSHI SHIHAB,False
adobe-acrobat-2025,ADOBE ACROBAT 2025,LP-1E19ABE168,LP-1E19ABE168,AD327EW,AD327EW,assignment_unverified,Adobe,ADOBE,7443539952960,assignment_unverified,valid,19.9,EUR,InStock,,PendingReview,https://licenzpol.it/it/product/adobe-acrobat-2025/,,,Licenzpol,DIGITALSOFT DI MUNSHI SHIHAB,False
adobe-indesign-2025,ADOBE INDESIGN 2025,LP-94415D8B59,LP-94415D8B59,AD327KU,AD327KU,assignment_unverified,Adobe,ADOBE,7443539952953,assignment_unverified,valid,19.9,EUR,InStock,,PendingReview,https://licenzpol.it/it/product/adobe-indesign-2025/,,,Licenzpol,DIGITALSOFT DI MUNSHI SHIHAB,False
adobe-lightroom-2025,ADOBE LIGHTROOM 2025,LP-45BDC7EA62,LP-45BDC7EA62,AD487EW,AD487EW,assignment_unverified,Adobe,ADOBE,7443539952946,assignment_unverified,valid,19.9,EUR,InStock,,PendingReview,https://licenzpol.it/it/product/adobe-lightroom-2025/,,,Licenzpol,DIGITALSOFT DI MUNSHI SHIHAB,False
adobe-after-effect-2025,ADOBE AFTER EFFECT 2025,LP-AC0B769A28,LP-AC0B769A28,AD369FG,AD369FG,assignment_unverified,Adobe,ADOBE,7443539952939,assignment_unverified,valid,19.9,EUR,InStock,,PendingReview,https://licenzpol.it/it/product/adobe-after-effect-2025/,,,Licenzpol,DIGITALSOFT DI MUNSHI SHIHAB,False
adobe-audition-2025,ADOBE AUDITION 2025,LP-AEC3984F89,LP-AEC3984F89,AD399EN,AD399EN,assignment_unverified,Adobe,ADOBE,7443539952922,assignment_unverified,valid,19.9,EUR,InStock,,PendingReview,https://licenzpol.it/it/product/adobe-audition-2025/,,,Licenzpol,DIGITALSOFT DI MUNSHI SHIHAB,False
adobe-lightroom-classic-2025,ADOBE LIGHTROOM CLASSIC 2025,LP-40921524C8,LP-40921524C8,AD471JU,AD471JU,assignment_unverified,Adobe,ADOBE,7443539952908,assignment_unverified,valid,19.9,EUR,InStock,,PendingReview,https://licenzpol.it/it/product/adobe-lightroom-classic-2025/,,,Licenzpol,DIGITALSOFT DI MUNSHI SHIHAB,False
adobe-dreamweaver-2025,ADOBE DREAMWEAVER 2025,LP-885CB687B4,LP-885CB687B4,AD745JY,AD745JY,assignment_unverified,Adobe,ADOBE,7443539852895,assignment_unverified,valid,19.9,EUR,InStock,,PendingReview,https://licenzpol.it/it/product/adobe-dreamweaver-2025/,,,Licenzpol,DIGITALSOFT DI MUNSHI SHIHAB,False
adobe-animate-2025,ADOBE ANIMATE 2025,LP-5ED8388C64,LP-5ED8388C64,AD539DE,AD539DE,assignment_unverified,Adobe,ADOBE,7443539852888,assignment_unverified,valid,19.9,EUR,InStock,,PendingReview,https://licenzpol.it/it/product/adobe-animate-2025/,,,Licenzpol,DIGITALSOFT DI MUNSHI SHIHAB,False
adobe-incopy-2025,ADOBE INCOPY 2025,LP-1CC5CD3C05,LP-1CC5CD3C05,AD655IU,AD655IU,assignment_unverified,Adobe,ADOBE,7443539852871,assignment_unverified,valid,19.9,EUR,InStock,,PendingReview,https://licenzpol.it/it/product/adobe-incopy-2025/,,,Licenzpol,DIGITALSOFT DI MUNSHI SHIHAB,False
adobe-media-encoder-2025,ADOBE MEDIA ENCODER 2025,LP-D4FA12DF8E,LP-D4FA12DF8E,AD328KI,AD328KI,assignment_unverified,Adobe,ADOBE,7443539852857,assignment_unverified,valid,19.9,EUR,InStock,,PendingReview,https://licenzpol.it/it/product/adobe-media-encoder-2025/,,,Licenzpol,DIGITALSOFT DI MUNSHI SHIHAB,False
adobe-fresco-2025,ADOBE FRESCO 2025,LP-9CB4929586,LP-9CB4929586,AD639II,AD639II,assignment_unverified,Adobe,ADOBE,7443539852840,assignment_unverified,valid,19.9,EUR,InStock,,PendingReview,https://licenzpol.it/it/product/adobe-fresco-2025/,,,Licenzpol,DIGITALSOFT DI MUNSHI SHIHAB,False
adobe-dimension-2025,ADOBE DIMENSION 2025,LP-AEEDC7CCDD,LP-AEEDC7CCDD,AD632EW,AD632EW,assignment_unverified,Adobe,ADOBE,7443539852864,assignment_unverified,valid,19.9,EUR,InStock,,PendingReview,https://licenzpol.it/it/product/adobe-dimension-2025/,,,Licenzpol,DIGITALSOFT DI MUNSHI SHIHAB,False
adobe-acrobat-standard,ADOBE ACROBAT STANDARD 2025,LP-E7C8360E34,LP-E7C8360E34,AD322KI,AD322KI,assignment_unverified,Adobe,ADOBE,7443539053032,assignment_unverified,valid,29.9,EUR,InStock,,PendingReview,https://licenzpol.it/it/product/adobe-acrobat-standard/,,,Licenzpol,DIGITALSOFT DI MUNSHI SHIHAB,False
microsoft-office-2024-professional-plus-ltsc,MICROSOFT OFFICE 2024 LTSC PROFESSIONAL PLUS (PROMO SCHOOL),LP-44A7807131,LP-44A7807131,OF328KJ,OF328KJ,assignment_unverified,Microsoft,Microsoft Office 2024,7443539153138,assignment_unverified,valid,14.9,EUR,InStock,,PendingReview,https://licenzpol.it/it/product/microsoft-office-2024-professional-plus-ltsc/,,,Licenzpol,DIGITALSOFT DI MUNSHI SHIHAB,False
microsoft-windows-10-pro-promo-school,MICROSOFT WINDOWS 10 PRO (PROMO SCHOOL),LP-3A6C0CB635,LP-3A6C0CB635,OF532PP,OF532PP,assignment_unverified,Microsoft,Microsoft Windows 10,7443539153145,assignment_unverified,valid,4.99,EUR,InStock,,PendingReview,https://licenzpol.it/it/product/microsoft-windows-10-pro-promo-school/,,,Licenzpol,DIGITALSOFT DI MUNSHI SHIHAB,False
microsoft-windows-11-pro-promo-school,MICROSOFT WINDOWS 11 PRO (PROMO SCHOOL),LP-2E9C41E1B8,LP-2E9C41E1B8,WS525PR,QC-10534,assignment_unverified,Microsoft,Microsoft Windows 11,0889842905366,assignment_unverified,valid,7.99,EUR,InStock,,PendingReview,https://licenzpol.it/it/product/microsoft-windows-11-pro-promo-school/,,,Licenzpol,DIGITALSOFT DI MUNSHI SHIHAB,False
coreldraw-technical-suite-2025,CORELDRAW TECHNICAL SUITE 2025,LP-F59361C21E,LP-F59361C21E,CRTECH25,CRTECH25,assignment_unverified,Corel Draw,COREL,7443539252206,assignment_unverified,valid,99,EUR,InStock,,PendingReview,https://licenzpol.it/it/product/coreldraw-technical-suite-2025/,,,Licenzpol,DIGITALSOFT DI MUNSHI SHIHAB,False
coreldraw-graphics-suite-2025-windows-mac,CORELDRAW GRAPHICS SUITE 2025 (Windows - MAC),LP-7BAAEACC7B,LP-7BAAEACC7B,CR2025GRS,CR2025GRS,assignment_unverified,Corel Draw,COREL,0735163167023,assignment_unverified,valid,149,EUR,InStock,,PendingReview,https://licenzpol.it/it/product/coreldraw-graphics-suite-2025-windows-mac/,,,Licenzpol,DIGITALSOFT DI MUNSHI SHIHAB,False
corel-pdf-fusion,COREL PDF FUSION,LP-B9B699077F,LP-B9B699077F,COPDFFU,COPDFFU,assignment_unverified,Corel Draw,COREL,735163116571,assignment_unverified,valid,19.9,EUR,InStock,,PendingReview,https://licenzpol.it/it/product/corel-pdf-fusion/,,,Licenzpol,DIGITALSOFT DI MUNSHI SHIHAB,False
corel-painter-essentials-8,COREL PAINTER ESSENTIALS 8,LP-B6FCA6C5CC,LP-B6FCA6C5CC,COPT8ES,COPT8ES,assignment_unverified,Corel Draw,COREL,735163161427,assignment_unverified,valid,14.9,EUR,InStock,,PendingReview,https://licenzpol.it/it/product/corel-painter-essentials-8/,,,Licenzpol,DIGITALSOFT DI MUNSHI SHIHAB,False
corel-photomirage,COREL PHOTOMIRAGE,LP-0C37038CA5,LP-0C37038CA5,CRPHMIRG,CRPHMIRG,assignment_unverified,Corel Draw,COREL,735163240047,assignment_unverified,valid,14.9,EUR,InStock,,PendingReview,https://licenzpol.it/it/product/corel-photomirage/,,,Licenzpol,DIGITALSOFT DI MUNSHI SHIHAB,False
corel-aftershot-3,COREL AFTERSHOT 3 (Windows - Mac),LP-C7D422C928,LP-C7D422C928,CRAFTSHT,CRAFTSHT,assignment_unverified,Corel Draw,COREL,735163146950,assignment_unverified,valid,14.9,EUR,InStock,,PendingReview,https://licenzpol.it/it/product/corel-aftershot-3/,,,Licenzpol,DIGITALSOFT DI MUNSHI SHIHAB,False
corel-videostudio-pro-x9,COREL VIDEOSTUDIO PRO X9,LP-81490B36C2,LP-81490B36C2,CRVSTPRO,CRVSTPRO,assignment_unverified,Corel Draw,COREL,735163146189,assignment_unverified,valid,14.9,EUR,InStock,,PendingReview,https://licenzpol.it/it/product/corel-videostudio-pro-x9/,,,Licenzpol,DIGITALSOFT DI MUNSHI SHIHAB,False
corel-paintshop-pro-x9,COREL PAINTSHOP PRO X9,LP-7A633AC90A,LP-7A633AC90A,CRPNTPROX9,CRPNTPROX9,assignment_unverified,Corel Draw,COREL,735163146158,assignment_unverified,valid,39.9,EUR,InStock,,PendingReview,https://licenzpol.it/it/product/corel-paintshop-pro-x9/,,,Licenzpol,DIGITALSOFT DI MUNSHI SHIHAB,False
corel-painter-2023-windows-mac,COREL PAINTER 2023 (Windows - Mac),LP-181266FB29,LP-181266FB29,CRPNT23,CRPNT23,assignment_unverified,Corel Draw,COREL,735163155655,assignment_unverified,valid,39,EUR,InStock,,PendingReview,https://licenzpol.it/it/product/corel-painter-2023-windows-mac/,,,Licenzpol,DIGITALSOFT DI MUNSHI SHIHAB,False
adobe-after-effects-2026,ADOBE AFTER EFFECTS 2026,LP-8C499FE4F3,LP-8C499FE4F3,ADF26AA,ADF26AA,assignment_unverified,Adobe,ADOBE,1043321819608,assignment_unverified,valid,89,EUR,InStock,,PendingReview,https://licenzpol.it/it/product/adobe-after-effects-2026/,,,Licenzpol,DIGITALSOFT DI MUNSHI SHIHAB,False
adobe-audition-2026,ADOBE AUDITION 2026,LP-41D0F3FBEC,LP-41D0F3FBEC,AUD854Q,AUD854Q,assignment_unverified,Adobe,ADOBE,0133890838634,assignment_unverified,valid,89,EUR,InStock,,PendingReview,https://licenzpol.it/it/product/adobe-audition-2026/,,,Licenzpol,DIGITALSOFT DI MUNSHI SHIHAB,False
adobe-bridge-2026,ADOBE BRIDGE 2026,LP-0E1861F32B,LP-0E1861F32B,AD50BRI,AD50BRI,assignment_unverified,Adobe,ADOBE,7940265423516,assignment_unverified,valid,89,EUR,InStock,,PendingReview,https://licenzpol.it/it/product/adobe-bridge-2026/,,,Licenzpol,DIGITALSOFT DI MUNSHI SHIHAB,False
adobe-character-animator-2026,ADOBE CHARACTER ANIMATOR 2026,LP-CFE86E8F84,LP-CFE86E8F84,AD36CHA,AD36CHA,assignment_unverified,Adobe,ADOBE,1615594078169,assignment_unverified,valid,89,EUR,InStock,,PendingReview,https://licenzpol.it/it/product/adobe-character-animator-2026/,,,Licenzpol,DIGITALSOFT DI MUNSHI SHIHAB,False
adobe-fresco-2026,ADOBE FRESCO 2026,LP-77A202FE46,LP-77A202FE46,AD69FR,AD69FR,assignment_unverified,Adobe,ADOBE,1849593103410,assignment_unverified,valid,89,EUR,InStock,,PendingReview,https://licenzpol.it/it/product/adobe-fresco-2026/,,,Licenzpol,DIGITALSOFT DI MUNSHI SHIHAB,False
adobe-illustrator-2026,ADOBE ILLUSTRATOR 2026,LP-29585C6495,LP-29585C6495,AD24ILL,AD24ILL,assignment_unverified,Adobe,ADOBE,3164752553416,assignment_unverified,valid,89,EUR,InStock,,PendingReview,https://licenzpol.it/it/product/adobe-illustrator-2026/,,,Licenzpol,DIGITALSOFT DI MUNSHI SHIHAB,False
adobe-incopy-2026,ADOBE INCOPY 2026,LP-696B7E4825,LP-696B7E4825,AD63CPY,AD63CPY,assignment_unverified,Adobe,ADOBE,9283276483505,assignment_unverified,valid,89,EUR,InStock,,PendingReview,https://licenzpol.it/it/product/adobe-incopy-2026/,,,Licenzpol,DIGITALSOFT DI MUNSHI SHIHAB,False
adobe-indesign-2026,ADOBE INDESIGN 2026,LP-3AD1CA5DEE,LP-3AD1CA5DEE,AD52SDN,AD52SDN,assignment_unverified,Adobe,ADOBE,3056413953768,assignment_unverified,valid,89,EUR,InStock,,PendingReview,https://licenzpol.it/it/product/adobe-indesign-2026/,,,Licenzpol,DIGITALSOFT DI MUNSHI SHIHAB,False
adobe-media-encoder-2026,ADOBE MEDIA ENCODER 2026,LP-1DDB9AA3A4,LP-1DDB9AA3A4,AD35MDC,AD35MDC,assignment_unverified,Adobe,ADOBE,7242388496966,assignment_unverified,valid,89,EUR,InStock,,PendingReview,https://licenzpol.it/it/product/adobe-media-encoder-2026/,,,Licenzpol,DIGITALSOFT DI MUNSHI SHIHAB,False
adobe-photoshop-2026,ADOBE PHOTOSHOP 2026,LP-3DAA59B62F,LP-3DAA59B62F,AD65PH6,AD65PH6,assignment_unverified,Adobe,ADOBE,5328710122696,assignment_unverified,valid,89,EUR,InStock,,PendingReview,https://licenzpol.it/it/product/adobe-photoshop-2026/,,,Licenzpol,DIGITALSOFT DI MUNSHI SHIHAB,False
adobe-photoshop-elements-2026,ADOBE PHOTOSHOP ELEMENTS 2026,LP-0DE0E1648E,LP-0DE0E1648E,AD63PHL,AD63PHL,assignment_unverified,Adobe,ADOBE,1669784801846,assignment_unverified,valid,59,EUR,InStock,,PendingReview,https://licenzpol.it/it/product/adobe-photoshop-elements-2026/,,,Licenzpol,DIGITALSOFT DI MUNSHI SHIHAB,False
adobe-premiere-pro-2026,ADOBE PREMIERE PRO 2026,LP-17704025A7,LP-17704025A7,AD52PRM,AD52PRM,assignment_unverified,Adobe,ADOBE,5146270482810,assignment_unverified,valid,89,EUR,InStock,,PendingReview,https://licenzpol.it/it/product/adobe-premiere-pro-2026/,,,Licenzpol,DIGITALSOFT DI MUNSHI SHIHAB,False
adobe-premiere-elements-2026,ADOBE PREMIERE ELEMENTS 2026,LP-0167F5C578,LP-0167F5C578,AD52PRL,AD52PRL,assignment_unverified,Adobe,ADOBE,4893252880959,assignment_unverified,valid,59,EUR,InStock,,PendingReview,https://licenzpol.it/it/product/adobe-premiere-elements-2026/,,,Licenzpol,DIGITALSOFT DI MUNSHI SHIHAB,False
adobe-acrobat-pro-2026,ADOBE ACROBAT PRO 2026,LP-CE62D1E1AF,LP-CE62D1E1AF,AD526ACR,AD526ACR,assignment_unverified,Adobe,ADOBE,7015430391171,assignment_unverified,valid,19.9,EUR,InStock,,PendingReview,https://licenzpol.it/it/product/adobe-acrobat-pro-2026/,,,Licenzpol,DIGITALSOFT DI MUNSHI SHIHAB,False
coreldraw-technical-suite-2026,CORELDRAW TECHNICAL SUITE 2026,LP-7DDCF70278,LP-7DDCF70278,CR521PH,CR521PH,assignment_unverified,Corel Draw,COREL,1822782489632,assignment_unverified,valid,89,EUR,InStock,,PendingReview,https://licenzpol.it/it/product/coreldraw-technical-suite-2026/,,,Licenzpol,DIGITALSOFT DI MUNSHI SHIHAB,False
coreldraw-graphics-suite-2026,CORELDRAW GRAPHICS SUITE 2026,LP-9BA0DBF29D,LP-9BA0DBF29D,CR52PHS,CR52PHS,assignment_unverified,Corel Draw,COREL,8346578713310,assignment_unverified,valid,89,EUR,InStock,,PendingReview,https://licenzpol.it/it/product/coreldraw-graphics-suite-2026/,,,Licenzpol,DIGITALSOFT DI MUNSHI SHIHAB,False
autodesk-autocad-2026,AUTODESK AUTOCAD 2026,LP-1182BAB97F,LP-1182BAB97F,AT51AU,AT51AU,assignment_unverified,Autodesk,AUTODESK,5098393010312,assignment_unverified,valid,59,EUR,InStock,,PendingReview,https://licenzpol.it/it/product/autodesk-autocad-2026/,,,Licenzpol,DIGITALSOFT DI MUNSHI SHIHAB,False
autodesk-autocad-lt-2026,AUTODESK AUTOCAD LT 2026,LP-53DDED6EA5,LP-53DDED6EA5,AT52AUL,AT52AUL,assignment_unverified,Autodesk,AUTODESK,0518347382999,assignment_unverified,valid,49,EUR,InStock,,PendingReview,https://licenzpol.it/it/product/autodesk-autocad-lt-2026/,,,Licenzpol,DIGITALSOFT DI MUNSHI SHIHAB,False
autodesk-autocad-2027,AUTODESK AUTOCAD 2027,LP-F7FA7E9C1B,LP-F7FA7E9C1B,AT52AU7,AT52AU7,assignment_unverified,Autodesk,AUTODESK,7376311656674,assignment_unverified,valid,69,EUR,InStock,,PendingReview,https://licenzpol.it/it/product/autodesk-autocad-2027/,,,Licenzpol,DIGITALSOFT DI MUNSHI SHIHAB,False
autodesk-autocad-lt-2027,AUTODESK AUTOCAD LT 2027,LP-5AC4FB473F,LP-5AC4FB473F,AT52LT7,AT52LT7,assignment_unverified,Autodesk,AUTODESK,0106513338729,assignment_unverified,valid,59,EUR,InStock,,PendingReview,https://licenzpol.it/it/product/autodesk-autocad-lt-2027/,,,Licenzpol,DIGITALSOFT DI MUNSHI SHIHAB,False
autodesk-revit-2026,AUTODESK REVIT 2026,LP-D2530083A8,LP-D2530083A8,AT52RV6,AT52RV6,assignment_unverified,Autodesk,AUTODESK,6247317810807,assignment_unverified,valid,69,EUR,InStock,,PendingReview,https://licenzpol.it/it/product/autodesk-revit-2026/,,,Licenzpol,DIGITALSOFT DI MUNSHI SHIHAB,False
autodesk-revit-2027,AUTODESK REVIT 2027,LP-E879117D95,LP-E879117D95,AT51RV7,AT51RV7,assignment_unverified,Autodesk,AUTODESK,1326773602609,assignment_unverified,valid,79,EUR,InStock,,PendingReview,https://licenzpol.it/it/product/autodesk-revit-2027/,,,Licenzpol,DIGITALSOFT DI MUNSHI SHIHAB,False
adobe-pack-2025,ADOBE PACK 2025,LP-EABE2FE3A9,LP-EABE2FE3A9,AD51PK5,AD51PK5,assignment_unverified,Adobe,ADOBE,1326773695687,assignment_unverified,valid,149,EUR,InStock,,PendingReview,https://licenzpol.it/it/product/adobe-pack-2025/,,,Licenzpol,DIGITALSOFT DI MUNSHI SHIHAB,False
adobe-pack-2026,ADOBE PACK 2026,LP-BA6CBE61F8,LP-BA6CBE61F8,AD52PK6,AD52PK6,assignment_unverified,Adobe,ADOBE,1326773659874,invalid_checksum,invalid,169,EUR,InStock,,PendingReview,https://licenzpol.it/it/product/adobe-pack-2026/,,,Licenzpol,DIGITALSOFT DI MUNSHI SHIHAB,False
